"","time","total_vaccinations","people_fully_vaccinated","total_boosters","total_vaccinations_per_hundred","people_vaccinated_per_hundred","people_fully_vaccinated_per_hundred","total_boosters_per_hundred","Afghanistan","Albania","Algeria","Andorra","Angola","Anguilla","Antigua and Barbuda","Argentina","Armenia","Aruba","Australia","Austria","Azerbaijan","Bahamas","Bahrain","Bangladesh","Barbados","Belarus","Belgium","Belize","Benin","Bermuda","Bhutan","Bolivia","Bonaire Sint Eustatius and Saba","Bosnia and Herzegovina","Botswana","Brazil","British Virgin Islands","Brunei","Bulgaria","Burkina Faso","Burundi","Cambodia","Cameroon","Canada","Cape Verde","Cayman Islands","Central African Republic","Chad","Chile","China","Colombia","Comoros","Congo","Cook Islands","Costa Rica","Cote d'Ivoire","Croatia","Cuba","Curacao","Cyprus","Czechia","Democratic Republic of Congo","Denmark","Djibouti","Dominica","Dominican Republic","Ecuador","Egypt","El Salvador","Equatorial Guinea","Estonia","Eswatini","Ethiopia","Faeroe Islands","Falkland Islands","Fiji","Finland","France","French Polynesia","Gabon","Gambia","Georgia","Germany","Ghana","Gibraltar","Greece","Greenland","Grenada","Guatemala","Guernsey","Guinea","Guinea-Bissau","Guyana","Haiti","Honduras","Hong Kong","Hungary","Iceland","India","Indonesia","Iran","Iraq","Ireland","Isle of Man","Israel","Italy","Jamaica","Japan","Jersey","Jordan","Kazakhstan","Kenya","Kiribati","Kuwait","Kyrgyzstan","Laos","Latvia","Lebanon","Lesotho","Liberia","Libya","Liechtenstein","Lithuania","Luxembourg","Macao","Madagascar","Malawi","Malaysia","Maldives","Mali","Malta","Mauritania","Mauritius","Mexico","Moldova","Monaco","Mongolia","Montenegro","Montserrat","Morocco","Mozambique","Myanmar","Namibia","Nauru","Nepal","Netherlands","New Caledonia","New Zealand","Nicaragua","Niger","Nigeria","Niue","North Macedonia","Norway","Oman","Pakistan","Palestine","Panama","Papua New Guinea","Paraguay","Peru","Philippines","Pitcairn","Poland","Portugal","Qatar","Romania","Russia","Rwanda","Saint Helena","Saint Kitts and Nevis","Saint Lucia","Saint Vincent and the Grenadines","Samoa","San Marino","Sao Tome and Principe","Saudi Arabia","Senegal","Serbia","Seychelles","Sierra Leone","Singapore","Sint Maarten (Dutch part)","Slovakia","Slovenia","Solomon Islands","Somalia","South Africa","South Korea","South Sudan","Spain","Sri Lanka","Sudan","Suriname","Sweden","Switzerland","Syria","Taiwan","Tajikistan","Tanzania","Thailand","Timor","Togo","Tokelau","Tonga","Trinidad and Tobago","Tunisia","Turkey","Turkmenistan","Turks and Caicos Islands","Tuvalu","Uganda","Ukraine","United Arab Emirates","United Kingdom","United States","Uruguay","Uzbekistan","Vanuatu","Venezuela","Vietnam","Wallis and Futuna","Yemen","Zambia","Zimbabwe"
"1","2020-12-48",1,0,0,0,0,0,0,0,0,0,0,0,0,0,0,0,0,0,0,0,0,0,0,0,0,0,0,0,0,0,0,0,0,0,0,0,0,0,0,0,0,0,0,0,0,0,0,0,0,0,0,0,0,0,0,0,0,0,0,0,0,1,0,0,0,0,0,0,0,0,0,0,0,0,0,0,0,0,0,0,0,0,0,0,0,0,0,0,0,0,0,0,0,0,0,0,0,0,0,0,0,0,0,0,0,0,0,0,0,0,0,0,0,0,0,1,0,0,0,0,0,0,0,0,0,0,0,0,0,0,0,0,0,0,0,0,0,0,0,0,0,0,0,0,0,0,0,0,0,0,0,0,0,0,0,0,0,0,0,0,0,0,0,0,0,0,0,0,0,0,0,0,0,0,0,0,0,0,0,0,0,0,0,0,0,0,0,0,0,0,0,0,0,0,0,0,0,0,0,0,0,0,0,0,0,0,0,0,0,0,0,0,0,0,0,0,0,0,0,0,0,0,0,0
"2","2020-12-49",45,0,0,0,0,0,0,0,0,0,0,0,0,0,0,0,0,0,0,0,0,0,0,0,0,0,0,0,0,0,0,0,0,0,0,0,0,0,0,0,0,0,0,0,0,0,0,0,0,0,0,0,0,0,0,0,0,0,0,0,0,2,0,0,0,0,0,0,0,0,0,0,0,0,0,0,0,0,0,0,0,0,0,0,0,0,0,0,0,0,0,0,0,0,0,0,0,0,0,0,0,0,0,0,0,0,0,0,0,0,0,0,0,0,0,5,0,0,0,0,0,0,0,0,0,0,0,0,0,0,0,0,0,0,0,0,0,0,0,0,0,0,0,0,0,0,0,0,0,0,0,0,40,0,0,0,0,0,0,0,0,0,0,0,0,0,0,0,0,0,0,0,0,0,0,0,0,0,0,0,0,0,0,0,0,0,0,0,0,0,0,0,0,0,0,0,0,0,0,0,0,0,0,0,0,0,0,0,0,0,0,0,0,0,0,0,0,0,0,0,0,0,0,0
"3","2020-12-50",4493526,38337,0,1.09,0.97,0,0,0,0,0,0,0,0,0,0,0,0,0,0,0,0,0,0,0,0,0,0,0,0,0,0,0,0,0,0,0,0,0,0,0,0,0,34699,0,0,0,0,0,0,0,0,0,0,0,0,0,0,0,0,0,0,18,0,0,0,0,0,0,0,0,0,0,0,0,0,0,0,0,0,0,0,0,0,0,0,0,0,0,0,0,0,0,0,0,0,0,0,0,0,0,0,0,0,71,0,0,0,0,0,0,0,0,0,0,0,25,0,0,0,0,0,0,0,0,0,0,0,0,0,0,0,0,0,0,0,0,0,0,0,0,0,0,0,0,0,0,0,0,0,0,0,0,184,0,0,0,0,0,0,0,0,0,0,0,0,0,28500,0,0,0,0,0,0,0,0,0,0,0,0,0,0,0,0,0,0,0,0,0,0,0,0,0,0,0,0,0,0,0,0,0,0,0,0,0,0,0,0,0,0,0,0,0,0,0,2827909,0,0,0,0,0,0,0,0,0
"4","2020-12-51",17661371,90459,0,27.41,27.29,0,0,0,0,0,0,0,0,0,0,0,0,0,0,0,0,191135,0,0,0,0,0,0,0,0,0,0,0,0,0,0,0,0,0,0,0,0,240050,0,0,0,0,13967,0,0,0,0,0,55,0,0,0,0,0,0,0,86,0,0,0,0,0,0,0,0,0,0,0,0,0,0,0,0,0,0,0,0,0,0,0,0,0,0,0,0,0,0,0,0,0,0,0,0,0,0,0,0,0,1006161,0,0,0,0,0,0,0,0,0,0,0,145,0,0,0,0,0,0,0,0,0,0,0,0,0,0,0,0,2924,0,0,0,0,0,0,0,0,0,0,0,0,0,0,0,0,0,0,0,665,0,0,0,0,0,0,0,0,0,0,0,0,0,52000,0,0,0,0,0,0,0,0,0,0,0,0,0,0,0,0,0,0,0,0,0,0,0,0,0,0,0,2851,0,0,0,0,0,0,0,0,0,0,0,0,0,0,0,0,0,0,0,15769364,0,0,0,0,0,0,0,0,0
"5","2020-12-52",31795133,126276,3,70.94,71.88,0.05,0,0,0,0,0,0,0,0,0,0,0,0,17022,0,0,280629,0,0,0,2534,0,0,0,0,0,0,0,0,0,0,0,6327,0,0,0,0,367448,0,0,0,0,43270,0,0,0,0,0,0,0,7864,0,0,0,34391,0,89425,0,0,0,0,0,0,0,5940,0,0,0,0,0,0,6751,0,0,0,0,521971,0,0,5585,0,0,0,0,0,0,0,0,0,0,0,4875,0,0,0,0,3853,0,3417787,81622,0,0,0,0,0,0,0,0,0,0,6860,0,0,0,0,0,35305,2503,0,0,0,0,0,0,0,0,0,59930,0,0,0,0,0,0,0,0,0,0,0,0,0,0,0,0,0,0,0,7474,16639,0,0,0,0,0,0,0,0,92200,96377,0,21764,0,0,0,0,0,0,0,0,0,0,0,0,0,0,0,0,0,44410,0,0,0,0,0,0,0,0,0,0,20486,0,0,0,0,0,0,0,0,0,0,0,0,0,0,0,0,0,0,0,21532724,0,0,0,0,0,0,0,0,0
"6","2021-01-00",16046174,81835,6,40.5,41.75,0.02,0,0,0,0,0,0,0,0,0,0,0,0,10446,0,0,119448,0,0,0,1910,0,0,0,0,0,0,0,0,0,0,0,4739,0,0,0,0,215446,0,0,0,0,17308,0,0,0,0,0,0,0,0,0,0,0,25591,0,77269,0,0,0,0,0,0,0,4980,0,0,0,0,0,0,5541,0,0,0,0,511938,0,0,5752,0,0,0,0,0,0,0,0,0,0,0,0,0,0,0,0,7142,0,2197837,142961,0,0,0,0,0,0,0,0,0,0,4678,0,0,0,0,0,19510,0,0,0,0,0,0,0,0,0,0,0,0,0,0,0,0,0,0,0,0,0,0,0,0,0,0,0,0,0,0,4874,7231,0,0,0,0,0,0,0,0,50391,65499,0,24898,8e+05,0,0,0,0,0,0,0,0,0,0,0,0,0,0,0,0,23684,0,0,0,0,0,0,0,0,0,0,12578,0,0,0,0,0,0,0,0,0,0,0,0,0,0,0,0,0,0,0,11476336,0,0,0,0,0,0,0,0,0
"7","2021-01-01",99738478,3422682,38,276.34,237.49,1.05,0,0,0,0,0,0,0,0,0,0,0,0,91092,0,0,489353,0,0,0,79774,0,0,0,0,0,0,0,0,0,0,0,51306,0,0,0,0,1372736,0,0,0,0,71045,0,0,0,0,0,12206,0,101671,0,0,3901,214294,0,549635,0,0,0,0,0,0,0,46012,0,0,0,0,0,67,282875,0,0,0,0,3259880,0,0,153587,0,0,0,0,0,0,0,0,0,0,0,0,0,0,0,0,148613,0,11467999,2526673,0,0,0,0,0,0,0,0,0,0,32847,0,0,0,0,27,108698,4553,0,0,0,0,0,0,0,0,0,346045,0,0,0,0,0,0,0,0,0,0,0,0,0,0,0,0,0,0,0,94592,91224,0,0,0,0,0,0,0,0,1031403,394664,0,410674,0,0,0,0,0,0,0,0,0,0,0,7000,0,0,0,0,75196,152252,0,0,0,0,0,707472,0,0,0,2474,163130,0,0,0,0,0,0,0,0,0,0,0,0,0,0,0,0,0,0,0,57231984,0,0,0,0,0,0,0,0,0
"8","2021-01-02",202744214,17893234,61,565.1,492.94,20.71,0,0,1259,0,0,0,0,0,0,0,0,0,490185,0,0,750531,0,0,0,524316,0,0,1665,0,0,0,0,0,0,0,0,101123,0,0,0,0,2953515,0,0,0,0,83266,0,0,0,0,0,24804,0,159991,0,0,16261,608951,0,889184,0,0,0,0,0,0,0,103108,0,0,0,0,0,0,1953348,0,0,0,0,6490763,0,15348,442858,0,0,0,0,0,0,0,0,0,0,0,0,191181,0,0,0,546841,0,14221623,6584570,0,0,0,0,0,0,0,0,0,0,82218,0,0,0,0,161,255420,17876,0,0,0,0,0,0,0,0,0,1660231,0,0,0,0,0,0,0,0,0,0,0,0,0,0,0,0,0,0,0,265421,126569,0,0,0,0,0,0,0,0,2444465,744489,0,1062226,1e+06,0,0,0,0,0,0,0,0,0,0,27436,13000,0,9600,0,326887,275687,0,0,0,0,0,2920987,0,0,0,0,474251,0,0,0,0,0,0,0,0,0,0,0,0,0,0,0,0,0,836568,20959384,92412232,0,0,0,0,0,0,0,0,0
"9","2021-01-03",326464595,34091184,96,1050.22,844.17,80.23,0,0,2403,0,0,0,0,0,1006243,0,0,0,1177510,0,0,572120,0,0,0,1302623,0,0,2932,0,0,0,0,0,1349808,0,0,139593,0,0,0,0,4668861,0,0,0,0,307056,0,0,0,0,0,29257,0,54304,0,0,15322,1128818,0,1153945,0,0,0,10684,0,0,0,144772,0,0,0,0,0,62117,5651539,0,0,0,0,9910437,0,52947,708955,0,0,0,0,0,0,0,0,0,0,821985,5725,6175996,132000,0,0,883513,0,16895564,9176245,0,0,0,30000,0,0,0,0,0,0,116648,0,0,0,0,1724,397711,32054,0,0,0,0,0,0,88597,0,0,3658170,0,0,0,0,0,0,0,0,0,0,0,76960,0,0,0,0,0,0,0,474320,123865,0,0,14044,0,0,0,0,0,3955634,1244326,0,2125537,0,0,0,0,0,0,0,0,0,0,0,412509,59382,0,60000,0,595756,361021,0,0,0,0,0,5014292,0,0,0,132354,999613,0,0,0,0,0,0,0,0,0,0,0,0,0,0,0,0,0,0,35509841,134384678,0,0,0,0,0,0,0,0,0
"10","2021-01-04",487642046,65275497,132,1623.8,1269.76,195.73,0,0,0,30,576,0,0,0,1895472,0,0,0,1580419,0,0,843367,593,0,0,2006201,0,0,4897,0,0,0,0,0,9322439,0,0,175140,0,0,0,0,5733904,0,0,0,0,399258,0,0,0,0,0,45707,0,58077,0,0,19618,1561423,0,1191151,0,0,0,42404,1315,0,0,178822,0,0,3993,0,0,115335,9926313,0,0,0,0,12453240,0,81090,1218169,2584,0,0,6151,0,0,0,0,0,0,1205861,21135,18197186,2120364,0,0,1064494,13973,20068169,9656238,0,0,0,0,0,0,0,0,0,0,121090,0,0,0,0,4190,460545,55961,0,0,0,0,0,0,148992,0,0,4355212,0,0,0,0,0,0,0,3800,0,0,0,166313,0,0,0,0,0,0,0,673266,99092,0,0,46555,0,0,0,0,0,5823823,514804,0,3554204,0,0,0,0,0,0,0,0,0,0,0,2425350,127828,0,113000,0,846633,382481,0,0,0,0,0,5924991,43111,0,0,237668,1744249,0,0,0,0,0,0,0,0,0,0,0,0,0,0,0,0,0,0,53315502,182585186,0,0,0,0,0,0,0,0,0
"11","2021-01-05",103680572,12340151,19,240.32,178.02,38.57,0,0,0,0,0,0,0,0,0,0,0,0,241160,0,0,171568,0,0,0,317411,0,0,0,0,0,0,0,0,2084119,0,0,28041,0,0,0,0,858979,0,0,0,0,57046,0,0,0,0,0,0,0,0,0,0,0,241163,0,173333,0,0,0,7133,0,0,0,28082,0,0,0,0,0,157125,1670376,0,0,0,0,1940631,0,12886,0,0,0,0,0,0,0,0,0,0,0,237872,0,3758843,493133,0,0,155807,0,3108550,1396735,0,0,0,40000,0,0,0,0,0,0,17437,0,0,0,0,819,72415,0,0,0,0,0,0,0,23811,0,0,631485,0,0,0,0,0,0,0,0,0,0,0,348868,0,0,0,0,0,0,0,111407,0,0,0,0,0,0,0,0,0,976367,280829,0,585219,0,0,0,0,0,0,0,0,0,0,0,0,0,0,155000,0,139692,55478,0,0,0,0,0,1251369,59154,0,0,302410,302135,0,0,0,0,0,0,0,0,0,0,0,0,0,0,0,0,0,0,9296367,29808834,0,0,0,0,0,0,0,0,0
"12","2021-02-05",592342215,98642331,280,1944.52,1402.74,375.45,0,0,549,0,1036,0,0,0,1170991,0,0,0,1505306,65000,0,1061407,0,0,0,2069078,0,0,7504,0,25387,0,0,0,17624720,0,0,209507,0,0,0,0,5336322,0,7811,0,0,1977457,0,0,0,0,0,45863,0,177486,0,0,22813,1535758,0,1067496,0,0,0,67882,0,0,0,195312,0,0,4051,0,0,0,11392272,2133,0,0,0,12950439,0,79354,1700694,0,0,0,0,0,0,0,0,0,0,1570412,24758,28690242,4004064,0,0,961756,39010,20043680,8566501,0,0,0,0,0,0,0,0,0,0,107307,0,0,0,0,5172,462221,76886,0,0,0,0,16785,0,160049,0,207,3803491,0,0,0,0,0,0,0,380000,0,0,271662,0,1118,0,0,0,0,0,0,904934,0,0,0,59793,0,0,0,0,0,6734034,1852623,0,3744555,0,0,107,0,0,0,0,0,0,0,0,2074919,146039,0,175000,0,1019976,336427,0,0,0,0,0,5104806,817016,0,0,0,2074616,0,0,0,0,0,0,0,0,0,0,0,0,0,0,0,0,0,0,64609948,201183674,0,0,0,0,0,0,0,0,0
"13","2021-02-06",876593770,169298553,437,2952.44,2000.48,729.17,0,0,689,0,2913,0,1341,0,2404682,0,0,0,1898544,0,0,1524776,1284927,0,0,2654472,0,0,8400,0,67077,0,0,0,30337914,0,0,333290,0,0,1831,0,6631703,0,26923,0,0,9213929,0,0,0,0,0,46750,0,126016,0,0,29592,1966718,0,1371793,0,0,0,87158,0,0,0,289212,0,0,8232,0,0,179409,15647809,3196,0,0,0,17721329,0,103768,2130525,0,0,0,12045,0,0,0,0,0,0,2144070,26887,49217488,5491368,3000,0,1244967,47653,25835851,11152648,0,0,0,0,14000,0,0,0,0,0,137469,0,0,0,0,6332,616462,93697,0,0,0,0,144898,0,223279,0,0,3836542,0,0,0,0,0,0,0,0,0,0,0,544787,1672,0,0,0,0,0,0,1475551,189031,27228,0,12806,0,0,271491,0,0,6823454,2337189,0,4693547,0,0,0,0,0,0,0,0,0,0,0,1846981,192914,0,250000,0,1454393,445069,0,0,0,0,0,6790440,1224391,0,0,345746,2871013,0,0,0,0,0,0,0,0,0,0,0,6320827,0,6433,0,0,0,0,95139138,279845984,0,0,0,0,0,0,0,0,0
"14","2021-02-07",1054689299,241867674,575,3808.23,2491.77,1045.05,0,0,3528,75000,2141,0,2762,0,2744529,0,0,0,2191703,0,0,1813735,8915915,62030,20944,2902392,0,0,0,0,71303,0,0,0,38424111,0,0,455202,0,0,68546,0,7085226,0,30581,0,0,17306158,0,0,0,0,0,54395,0,154994,0,0,37570,2257104,0,1808500,0,0,30379,163829,0,0,0,373521,0,0,0,1515,0,218795,17983037,9517,0,0,0,21234000,0,114915,2541898,0,146,0,13950,0,0,668,0,0,0,2656868,73201,54943270,6823979,10000,0,1481002,68151,28917437,13817693,0,5775,0,0,0,0,0,137000,0,0,177498,0,0,0,0,8607,775600,126396,0,0,0,0,386778,0,274787,0,3843,4817255,0,0,0,0,0,4804999,0,0,0,0,402264,690428,2454,126,0,0,0,0,0,1893125,278718,52768,0,109678,0,0,1009450,0,0,11333745,2745506,1e+05,5147758,0,0,0,0,0,0,0,0,0,0,0,805000,211544,0,250000,0,1780420,585195,0,0,19198,0,0,7993564,1588963,0,0,392214,3349759,0,0,0,0,0,0,0,0,0,0,0,31322622,0,0,0,0,0,0,114945411,322683450,0,0,0,0,0,0,0,0,39
"15","2021-02-08",1293021303,326851800,755,4795.02,3194.26,1293.33,0,0,6073,0,2390,0,3929,0,3784770,0,0,111718,2734624,0,0,1997871,13307961,182913,0,3411961,0,0,25963,0,87374,0,0,0,43481323,0,0,943939,0,0,287449,0,8436206,0,24955,0,0,21862951,0,0,0,0,0,57162,0,369838,0,0,97856,2708752,0,2448472,0,13200,40664,370728,0,22000,0,491270,0,0,12529,1732,0,296948,20315539,5930,0,0,0,25895694,0,144851,3650727,0,4200,2224,0,0,0,1852,0,0,22114,3652166,73279,76451433,7294709,0,0,1899016,80043,31935877,18050598,0,80248,0,50000,20157,0,0,0,0,0,268677,0,0,0,0,12401,1017201,153492,0,0,0,18493,634369,0,337611,0,0,10364695,0,0,14846,2401,652,18023845,0,0,0,0,0,873561,3432,16731,0,0,0,0,0,2249419,141244,72882,0,531952,0,4629,1916385,0,0,7670767,3641548,0,5982073,0,0,0,0,0,0,0,35,0,0,63212,4369397,198631,0,0,0,2058889,767150,0,0,296169,65502,0,10479899,2302106,0,0,462452,3710600,0,0,0,0,0,0,0,0,0,1431,0,43897424,0,0,0,0,7689,3480415,131523883,363400707,379,0,0,157,0,0,0,0,51532
"16","2021-02-09",259603702,54421285,134,668.58,441.47,176.94,0,8200,0,0,0,0,0,0,731571,0,0,34618,458287,0,0,298171,3110525,38615,0,533686,0,0,0,0,22212,0,0,0,6542206,0,0,175066,0,0,68299,0,1382137,0,0,0,0,3316541,0,0,0,0,0,0,0,0,0,0,0,424802,0,411213,0,0,0,70004,0,0,0,78603,0,0,0,0,0,391381,3137091,0,0,0,0,4146817,0,23518,0,0,0,0,0,0,0,0,0,2684,20701,685247,0,11845075,1691724,0,0,314706,14123,4726546,2994930,0,0,0,0,0,0,0,0,0,0,46559,0,0,0,0,1864,166494,0,0,0,0,18666,111415,0,51576,0,0,1889672,0,0,0,0,0,0,0,0,0,0,0,1105001,0,6711,0,0,0,0,0,341742,0,0,0,113320,0,1522,323069,0,0,2149607,633888,0,915761,0,0,0,0,0,0,0,0,0,0,27018,924683,0,0,0,0,315812,125165,0,0,70527,34507,0,2567617,466350,0,0,564257,552195,0,0,0,0,0,0,0,0,0,0,0,6869923,32240,0,0,0,3141,0,20275451,56454250,394,0,0,0,0,0,0,0,19100
"17","2021-03-09",1398264727,366384301,906,5166.37,3383.81,1345.46,0,0,0,0,0,0,0,0,4425773,0,0,384032,3189743,630675,0,1827642,6922674,273027,0,3659420,2903,0,15294,0,304429,0,0,0,45140453,0,0,1286732,0,0,775554,0,9628598,0,17702,0,0,22864899,0,0,0,0,0,245744,2058,335085,0,0,0,3095804,0,2815831,0,46748,1233301,554730,0,0,0,542857,0,0,16951,0,0,0,21280818,13369,0,0,0,28446390,0,156650,3947424,3927,0,2427,0,0,0,0,0,0,337775,5059005,95804,86864050,6667795,0,0,2136251,92462,29170416,20782292,0,189503,0,0,0,0,0,0,0,0,342375,0,0,0,0,12740,1176484,180833,0,0,0,506574,791923,0,347255,0,0,10307443,3849,8449,22731,8114,0,22582710,0,0,0,0,0,0,0,72138,0,0,0,0,0,2287527,0,0,0,870228,0,10146,2079064,38687,0,9479981,4187505,0,6245102,23137237,233954,0,0,2094,0,0,7340,0,0,299415,5986113,169257,0,667715,0,2016268,825822,0,0,526436,1202512,0,11463623,3737877,0,0,0,3577902,0,0,0,0,7581,0,0,0,0,0,0,43649591,0,0,0,0,66637,0,127533010,371742498,315025,0,0,12194,0,0,0,0,169912
"18","2021-03-10",1974717006,527431921,1302,7086.57,4689.03,1843.33,0,0,0,0,6089,6169,9700,0,10272854,0,0,871356,4848521,2171184,0,2187410,11914242,352008,20944,5240588,16332,0,17395,0,802960,0,0,0,63026610,0,0,1819019,0,0,1508883,0,14613953,0,21864,0,0,31335132,0,749059,0,0,0,339667,16089,435590,0,0,70534,4872937,0,3819614,0,38975,2033375,1098418,0,0,0,813466,0,0,9161,0,0,502043,32540108,8018,0,0,0,41484530,502252,202626,4905766,0,0,79371,21500,0,0,0,0,0,926163,8149614,96624,146028874,17914284,0,0,3018519,125567,35166660,30498045,0,735204,0,0,0,4000,0,322000,0,0,510297,230401,0,0,0,19443,1665020,229744,0,0,0,1562056,1224159,0,511483,0,0,14622449,35335,0,251193,6436,892,24569546,46439,0,0,0,0,1314632,7343,134945,0,0,0,0,0,3064813,154648,0,0,1063284,0,29217,2811256,470335,0,13854188,5687193,0,9064743,26052992,1597686,0,0,17389,0,0,23355,0,0,399213,7958263,179410,0,771620,0,2710548,1122707,0,0,868128,3507488,0,17745153,5253218,0,0,716380,4709406,0,0,0,0,87463,0,0,0,0,0,743,54065912,0,0,0,2230,226838,0,162028167,507669989,1011144,0,0,0,18728,0,0,0,251903
"19","2021-03-11",2530504673,655845057,1507,8352.8,5548.34,2213.12,0,54000,0,0,7098,49000,5348,49841,15264758,0,0,1518294,6425801,936250,100,2613204,18427056,395596,0,6589720,60656,0,18807,0,981992,0,0,0,75238938,0,0,2011672,0,0,1810639,0,19973595,0,76644,0,0,36900112,0,6800828,0,0,0,190088,134059,288622,0,0,93475,6372433,0,4109589,0,0,675000,1697597,0,102512,5765,1062172,0,0,15470,0,0,625371,41175332,13358,0,0,0,50040887,420000,208951,5558264,0,17030,375170,0,25263,0,15524,0,72987,1791738,10081862,145990,215388140,32858264,124193,0,3444044,86086,36010331,35989190,28195,2099305,40137,345228,159843,29144,0,0,0,40732,591064,532263,0,0,0,21813,1889823,307290,0,0,29834,2558779,1503451,0,642540,0,0,20699572,62292,9750,1050004,33983,1112,21229329,0,0,0,0,1600000,1512095,12133,196518,0,0,8000,0,5300,3427100,176809,350000,0,235570,0,89475,3486928,1039030,0,21541109,6367367,0,11016786,21951077,2197379,6407,14483,20247,18335,0,38572,0,0,1018990,8894340,124524,0,549254,0,3368940,1278398,0,0,833710,4641087,0,16123922,5630080,0,21075,898555,5281860,0,0,0,0,0,0,0,0,0,0,11492,55745605,0,11283,0,66238,574277,0,181075189,592099471,1752011,0,0,0,163097,0,0,0,280897
"20","2021-03-12",3352684974,772510909,1717,9424.93,6032.04,2560.31,0,0,0,0,0,87022,0,26424,18826274,0,0,2652845,7668505,510420,1500,3151649,15120407,312789,40518,8313485,72077,0,43466,85949,1136869,0,0,0,94701445,0,0,2253924,0,0,2424716,0,26801085,2184,84464,0,0,42367845,0,9241586,0,0,0,419602,197366,647364,0,0,0,7583327,0,4444834,0,31362,8e+05,2280331,164534,49000,0,1255456,0,0,16827,2187,0,751743,50454091,17563,0,0,0,58796591,5e+05,214030,6189866,0,9821,576940,0,34178,0,0,0,43073,2837788,12247348,193268,313653471,38789460,0,0,3905392,32286,36520030,41967462,33000,3516377,43136,460475,0,154440,0,5e+05,0,0,685463,730886,0,0,0,24316,2124961,371080,0,0,343213,3082998,1572878,0,794828,0,117323,32330625,157194,0,965769,58152,0,25699025,57305,0,152,0,0,1598984,17564,267089,0,0,277458,0,0,4027470,211997,0,0,733804,0,167663,4236158,1164663,0,17227626,7167247,0,12812208,5611139,1714360,4344,8573,0,10519,0,34111,3965,0,1375539,6656785,126232,10673,1570297,0,4186202,1454172,0,0,1084801,5364798,0,21816561,2552384,0,86823,1017631,5922441,0,35627,0,0,96188,0,42092,0,0,0,167746,56864049,0,12935,0,281824,1089029,0,203165861,678864203,2985553,0,0,14223,278204,1286,0,0,364835
"21","2021-03-13",2269018346,499002116,1113,6083.13,3891.41,1601.66,0,0,0,0,0,130750,0,26836,12228193,565,15600,2348362,4891788,0,7000,1997550,10690110,191154,0,5438058,22067,0,0,1193656,737494,0,0,0,66590169,0,0,1446637,0,0,1582833,0,19084524,0,60120,0,0,26463834,0,7177281,0,0,0,224092,111908,734372,0,31161,0,4735921,0,2786659,0,17674,856474,1529856,0,169855,9748,791354,0,0,6641,0,0,861255,33800215,22648,301,5345,12746,38471138,0,94043,3240164,0,10084,403236,0,59993,0,32714,0,0,1811397,5997324,94711,213643868,15446014,0,26727,1937727,69595,20991461,27739134,0,2555809,44318,304946,0,161771,0,0,0,0,448812,494935,0,0,0,16797,1353866,212663,0,0,368978,1890574,939448,0,544102,0,0,13072724,40321,0,869543,71340,1266,12939048,0,1e+06,1501,0,0,1798400,21192,204150,0,0,1232038,0,7735,2648825,253371,8e+05,152343,512585,0,166138,2624112,737569,0,12184067,4936230,0,7908334,20737259,0,0,0,0,0,0,17597,9724,0,742603,4248061,63686,57725,943307,0,2746712,976155,0,0,755250,3483593,0,15373841,3605104,0,73889,1146618,3752707,0,47351,0,0,151413,0,0,0,0,0,53089,25979694,0,28141,0,240733,891658,0,123182831,425046340,2317869,0,0,0,189555,3190,0,0,290385
"22","2021-04-13",1906530424,424986619,947,4682.91,3013.72,1208.04,0,0,0,0,0,0,0,27032,10277836,0,0,2253931,3912759,1710942,0,1567897,10865325,127473,0,4679079,0,0,0,1348184,612315,0,0,12945,56762207,0,754,1188312,0,0,1435908,0,16305852,0,30607,0,0,20858467,0,5927682,0,0,0,0,135940,823949,0,16498,114660,3749737,0,2199140,0,17775,0,1290111,0,253806,11090,647741,0,0,0,0,0,0,28165159,0,2433,0,0,31098599,0,32293,3421368,0,10371,334124,0,0,0,40468,0,52772,1412748,6704912,50259,187969857,16796306,0,0,2070465,112508,15809840,22890362,41901,1806656,0,0,0,196435,0,0,0,0,369838,413929,0,0,0,13165,1140993,235337,0,0,299780,1528886,725649,643,454360,1366,0,15489791,42154,11715,971710,63778,0,13009321,0,0,3945,0,0,0,0,194946,0,0,818865,0,17401,2162563,0,0,174026,269072,0,89502,2008099,795320,0,8949381,3962204,0,6196571,21851925,0,0,0,0,0,0,17659,0,0,862439,2909226,64123,0,1050000,0,2230317,848584,0,0,269102,2944199,0,11252590,1843707,0,27760,0,3013715,0,50584,0,0,558765,0,0,0,0,0,150909,27999142,0,0,0,0,845040,0,94277512,341589430,2120009,0,0,98000,155642,0,0,0,304832
"23","2021-04-14",5018759326,1110355075,2837,12770.86,8186.83,3419.07,0,120000,0,0,9781,181578,0,0,27497398,0,29197,6216833,9919452,4551115,10000,3822902,27793326,260132,92000,12215720,51311,0,49572,3295455,1730785,5726,0,17808,149992322,0,21185,3006045,0,0,5364955,0,44530202,0,94422,0,0,50396057,0,12818267,0,0,0,291368,279980,2659199,0,147233,255102,9199817,0,5590121,0,0,0,3634001,0,340000,0,1686370,47863,430000,7345,2605,0,993622,71883083,25565,3925,29409,62844,82711230,1927719,100331,7988988,5296,21570,885955,29575,503472,0,0,0,55000,3617610,18225921,111201,552762524,37032417,0,196027,5214734,294144,37147745,59563340,91672,5157208,44981,404912,282372,762142,0,0,1493,0,1000341,1104977,0,0,0,31234,3015346,539553,169800,0,882637,3856542,1815690,0,1151257,2930,0,61238703,211566,0,3036533,216601,0,26499790,0,0,2526,168,8994281,2139815,24679,547960,0,0,964387,0,91085,5636324,152036,2050383,834751,1836283,0,326242,4941998,1698820,0,24783475,10141438,0,15273063,55801078,0,4361,10456,0,12124,0,45108,0,0,1920907,9409345,129998,37558,1131658,0,5563079,2156761,0,0,1411750,7811305,0,32376409,3698784,206969,62651,1343888,7455154,2500,144036,0,0,2435129,0,82753,0,0,4777,780003,72060996,0,0,0,932652,2354529,0,222753671,857795886,5489010,35000,0,0,330670,3892,0,0,1036999
"24","2021-04-15",5824552096,1310814838,6921,14614.69,9454.56,3936.87,0,0,0,0,0,245442,5835,84645,34981371,0,220472,8270968,11683823,5693041,15000,4046213,16963555,270939,0,15206914,125569,0,0,3338099,2327593,0,25612,61692,174054582,0,48256,3397762,0,0,8210881,400,56817240,0,100321,0,0,53156551,0,12074306,0,14297,0,354291,424976,3564697,0,223234,145357,10634828,0,6824114,10246,17948,909898,4444040,0,2194293,27579,1899502,0,0,36134,2632,89983,1160901,84225745,30082,10215,0,145203,104241881,2201787,141268,9587981,29281,22279,1039115,31538,321536,0,133172,0,0,4442497,15250626,198350,697300367,52697973,361951,350876,5924687,333393,37434047,70697158,135473,7117882,45585,543095,338582,1220894,0,0,2100,105568,1197481,1145248,16000,0,750,37988,3717338,653198,335800,0,1143300,4545814,1383335,26226,1269762,0,0,73538790,363330,12094,3141642,257559,1284,27304175,0,0,23950,0,9420494,2653904,26584,796357,61625,1366,3176381,0,125363,6924103,342799,1300000,1068805,2166885,197,466402,5289104,4419074,0,23321386,11971572,0,16981779,65005912,699129,0,22603,0,12764,0,48322,0,0,2570327,7236632,66250,84109,0,0,6314975,2502396,2622,117567,582410,9645193,947,41498615,925242,0,101308,1596146,8680634,0,201071,0,0,3070742,2629,260000,0,0,0,826223,80859242,0,15039,0,1274514,2917375,0,227345322,946111310,6770440,741210,0,250000,437747,3973,0,106,1117443
"25","2021-04-16",6189590538,1475596671,24112,16374,10756.48,4491.75,0.03,240000,0,0,21733,851796,6115,29754,40322999,0,315978,10952705,13623249,6365192,21907,4421734,23036741,500383,244000,18064850,150593,0,30094,3354305,2926362,0,68988,88772,193271556,0,53505,3741418,0,0,8947758,0,69833724,0,69400,0,0,55056692,0,19764756,13440,0,0,450593,539456,4081130,0,367296,659711,12416584,0,7842846,0,36410,0,6049816,660000,1307108,85434,2085800,131615,0,41226,0,56000,1365279,95637004,33625,19018,20922,161373,126379707,842521,107786,11377250,38519,35437,956930,32969,426212,0,111825,0,0,5418135,20452074,151203,442288581,56446852,1415634,298377,6805705,307578,37655057,82645447,0,11929639,49413,607381,3182658,750471,0,822000,0,446622,1454159,903092,0,0,0,50686,4205510,747552,391045,0,1307699,5309514,2008698,0,1413045,7038,0,81422014,465897,12758,2598259,272188,1293,23486049,0,1500000,49046,700,11759367,3368865,32071,1058794,135130,0,7920874,0,218202,8189987,397126,0,1001901,2767957,1081,608578,6023138,5552654,0,35485008,14661591,0,19607063,74056733,0,0,11848,0,13852,0,77634,0,0,1186183,9435674,132930,0,1364124,0,6925677,2757602,3479,0,0,13770790,0,49464613,0,140227,107704,2005087,10283510,0,195344,0,0,5176969,0,0,0,2287,0,1515641,88311486,0,0,0,1283741,3440481,5081853,232948211,1009722660,7789374,458555,0,0,879484,4062,0,28370,1767742
"26","2021-04-17",6381718912,1521524526,44817,15796.58,10156.46,4497.26,0.06,0,0,0,23822,0,0,0,39519334,0,268619,11001551,13298558,5704873,25692,4065376,29096609,443264,0,17612242,83114,0,32129,2880891,3211863,0,0,98293,182608527,0,54629,3479817,0,0,6559483,11000,70483369,0,35774,0,0,48387102,0,16035344,0,0,0,538682,786237,3929824,0,420587,0,12270624,1700,7598710,12547,18498,6515544,6663025,0,3888626,64646,1930639,34897,3285599,40892,0,0,1556753,91096567,39107,8035,0,187167,128077980,846588,149202,10480707,35370,25111,833532,0,555519,0,124000,0,0,5272527,22864761,294455,730671586,72481435,2401675,0,6746468,276456,32439837,81150079,0,16673175,52405,699328,2242830,853081,0,0,27000,251435,1472698,1704560,0,0,0,49577,3961001,816478,388141,0,1430786,5156310,1471891,49903,1325296,0,0,61218496,616028,13289,4570553,239339,0,19579479,0,0,51123,0,8168564,3903772,37070,1102189,0,0,4720304,0,222575,7878859,0,2100000,0,2254360,1508,619668,6034777,6346989,0,32665538,13972551,1961600,19034421,70772819,349871,0,0,0,56515,0,57594,0,0,2432039,5986909,201306,159877,0,0,6308675,2517630,0,0,923400,16941184,0,56355054,1855818,0,75509,2408110,10280265,0,256473,0,0,6254259,0,0,0,0,0,1348453,80714190,0,0,2400,955457,3709779,0,204229242,907323768,6981738,1144898,0,0,2230088,4150,0,94545,1863856
"27","2021-05-17",1103733993,263660954,10382,2358.04,1517.28,655.83,0.01,0,0,0,0,0,0,0,7002992,0,0,1994063,2387758,971523,0,701922,0,74608,0,3146975,0,0,0,480498,614600,0,85057,0,31830880,0,0,606144,0,0,1363820,0,12621256,0,0,0,0,8170608,0,3412223,0,0,0,0,158981,707057,0,72855,218323,2213981,0,1328306,0,0,1185502,1300075,0,0,0,337613,0,1134885,0,0,0,0,16176651,0,0,0,0,23503475,0,0,2170847,0,0,169369,0,0,0,0,0,0,936402,4064204,0,126328970,0,0,0,1203096,56849,5416017,14597750,0,3366138,0,0,0,0,0,0,0,0,273830,293277,0,0,0,9009,696655,148450,69708,0,0,905840,296961,0,231511,0,0,12572997,0,0,887248,40215,0,5055239,0,0,23425,0,0,0,0,205332,0,0,1222109,0,0,1409171,0,0,0,0,0,122837,1195157,1656643,0,8917338,2524456,1002748,3336830,12377978,350003,0,0,0,14526,0,0,0,0,413031,2028302,0,55083,0,0,1105964,431605,0,0,318670,3472105,0,0,928107,0,39953,0,1866437,0,0,0,0,1097862,0,0,0,0,0,305484,13752107,0,0,0,339607,754924,0,34505380,154714006,1183469,0,0,0,511435,0,0,0,428133
"28","2021-05-18",8362038716,2025249257,96093,20365.66,12857.14,6094.07,0.13,0,0,0,24182,0,0,31085,51103286,0,331865,15335298,17831048,5933795,0,5297606,34918706,526624,3e+05,23682170,184949,0,32877,2886285,4778543,0,0,53375,235149411,0,81048,4378307,0,0,10957410,0,95011515,0,74532,0,0,58818076,0,7315666,0,0,0,605099,1415462,5420209,0,448578,252792,17084115,0,9889432,0,18864,9660058,10227904,0,3707844,0,2483482,0,8536327,30852,0,0,1753663,120573682,44541,8515,24659,179675,178983832,0,152783,13854425,26794,13000,1289578,0,521148,0,150694,0,0,7034432,29203715,488237,909479585,51378487,2314790,0,9179761,233032,37999809,110735440,0,25158322,52891,805020,4622824,0,0,0,0,0,2096647,1544348,0,0,0,68055,5136877,978602,512004,0,629889,7015323,2097639,0,1723213,0,0,93564079,743098,13934,8692969,276910,0,26576668,0,1689551,132270,0,2091511,4497884,41364,1616977,166350,0,9538987,0,237166,10244010,0,0,261322,2010538,3000,1002885,9498267,9065590,0,48382091,19001299,7438947,24195915,88953616,350400,4361,12943,0,0,7411,84716,0,0,2522834,10445079,136557,115024,0,14678,8159021,3217421,0,123570,1812031,25539273,0,63501696,5568642,0,129759,2781116,14270421,0,434471,69229,0,8261441,30599,0,0,0,0,2316727,99544448,0,0,0,2656405,5596566,0,244636405,1101012320,8521201,0,0,0,4715223,4216,0,341012,3268889
"29","2021-05-19",9283169233,2248625706,141145,21487.64,13524.05,6494.92,0.2,448878,1779649,0,26931,586377,0,31262,54923137,10727,340618,18038958,20191960,7103571,36000,5718495,17459722,530028,0,26808610,152403,10683,34966,2409256,5384979,0,0,127601,259661396,0,57137,4715519,0,0,13520938,43488,110276870,18650,79285,667,0,62234038,0,21320169,43140,38151,0,657301,2020833,5722351,70000,547556,1203027,20137327,8446,10910387,0,19099,13683481,11527794,2198316,4003243,0,2698559,35227,9666316,54324,0,93000,1959544,135961713,49707,0,51221,369588,205576156,0,38905,15841909,38695,13744,1491992,0,287006,5889,0,0,108538,7786686,26710920,433172,963490443,54394891,1475436,0,10689975,181525,38108298,126310316,146147,33023665,55684,0,5367909,1863896,0,0,37117,1373664,2562202,754531,0,36404,106559,74165,5829287,1137650,563886,609,1302926,8224918,2115693,71216,1903674,15661,212182,58215392,1091911,0,11888965,646591,0,29836446,296983,1772177,306682,0,0,5067846,43941,1969614,0,68158,12150081,0,691342,10953680,0,5742790,543137,3668040,0,1317691,11765818,8382094,0,65203421,21681378,8037543,26273068,81713527,0,0,13821,0,0,11950,0,0,0,1291531,8817076,139623,0,3752684,15304,9213307,3665449,0,0,2648271,26586668,5459,71611591,6020908,0,146318,3124347,16393344,0,672407,70517,0,6846307,0,0,0,0,0,1126408,103017866,0,0,0,1676719,6306850,0,251714107,1132218102,9020494,2152206,0,0,3642393,4286,18555,380538,3855839
"30","2021-05-20",10488669559,2499278297,196249,25162.67,15820.55,7989.93,0.3,470341,2315825,0,27613,1237271,8811,64329,58063195,19249,353262,14386659,22532181,6401449,44226,6019996,34932628,533116,0,29527573,225243,12516,35313,3375842,6668129,0,116085,208962,282995315,11255,74517,5124967,0,0,15161825,92364,126919466,41215,40778,0,0,66139742,0,28960672,86280,38268,0,721882,2770214,6618164,3100495,566085,1704137,23207720,26591,12144083,0,38631,15919937,12787725,1575449,6415291,266765,2924206,0,10650197,38359,0,0,2124502,154862794,51856,10670,0,502451,226700155,0,116866,18083314,45601,16334,2227717,0,484723,0,0,0,136476,8427689,33848751,631784,870302627,70697328,1979167,0,12349694,305814,38166572,141628452,150273,46265819,116405,1034808,13287931,2845603,0,0,0,3384350,3017074,2938315,73274,52446,0,77855,6356914,1283110,616608,17429,2031994,9416471,1827761,72440,2051508,19468,0,99235218,1403099,15688,12655704,673901,1342,42627363,318548,0,333355,7392,8452320,5759740,45104,2318294,167500,115112,13091304,0,804731,11345366,216549,7473247,1376540,4054764,8921,1736762,14641688,10973280,0,72747793,23819283,7410047,28175840,103232196,0,0,30207,108440,0,20553,0,12374,0,437792,11620590,70126,0,1966524,15906,10312332,4184094,0,124471,3922546,27008422,13903,78955508,9544843,0,230127,3403165,18451830,0,1506118,72347,0,11711536,47908,0,0,0,0,2770706,107806195,0,20760,0,2427082,6736309,0,260952511,1173728990,10420200,1125995,0,316000,2937918,4321,0,621734,3019636
"31","2021-05-21",11961413148,2711224698,262621,28958.57,17488.24,9700.87,0.45,1435313,1909654,0,0,663049,9004,131873,62404816,26562,435287,20912925,24708491,8431106,46378,6260629,23292952,539687,438620,31852954,188416,0,36096,1930612,8298867,0,191659,275646,308473541,11553,242956,5448511,0,0,16617568,108508,142742360,21663,128546,0,0,71217519,0,27940233,43140,0,4363,867517,3077773,8559976,4801977,583891,1489197,25802439,37801,13756529,12547,39367,21296933,14237481,7466637,4444982,290554,3164573,0,12179762,100963,0,107014,2305603,172912383,55606,14352,0,625863,243237286,847871,117173,20652245,50049,17344,2701239,0,1056081,0,187234,0,209704,9055254,35487940,505219,1095583585,45375484,2738504,0,13756761,428943,38240545,156039672,155683,68551300,119504,4101666,12202136,6725059,0,0,0,1217235,3344634,3325472,0,109316,0,86225,6836886,1570932,691961,39170,1745475,11835989,2157361,83549,2179243,44469,0,116427470,1805747,16502,11051681,753622,1358,16001584,0,0,324269,0,14791560,6269456,46508,2683354,0,152582,11647035,0,909648,11560335,0,8837565,894299,2562900,16459,2153844,18341283,6784960,0,92003495,26052761,9657052,29457728,111926903,0,0,18425,110799,0,28443,107457,12374,0,886140,9694341,70446,0,2112450,17024,11496420,4559675,0,379306,5773789,31668849,16582,86045786,10201851,0,333077,3652769,20546866,24781,934041,74403,0,15547032,63752,0,0,0,0,4057976,114065804,0,20760,0,1065357,6963607,0,270461712,1207997818,11853922,2383297,0,0,1005906,4352,104070,835794,3887105
"32","2021-05-22",3777235123,841705224,85532,8067.15,4828.2,2796.39,0.14,480226,971290,0,27613,679034,0,33463,18837624,33529,63113,7600107,7370623,2705736,0,1866204,11646490,156878,517151,9426622,0,0,37554,0,2620067,0,0,146725,92013130,0,0,1606602,0,0,5192831,63404,43484444,0,0,18408,0,21305765,0,13350792,0,0,0,0,541449,2552813,1185218,169479,386710,7782005,23197,4256374,0,19809,6395282,4177965,0,1140890,148085,942460,0,3618745,20712,0,0,2469486,52260314,0,0,29148,112813,72115752,852047,0,3647975,27397,0,855970,0,264950,0,0,0,0,2738870,10323579,0,332789098,32718372,0,0,4159310,0,10936524,47270944,0,24630524,60961,0,2114112,969489,0,0,0,638377,1010046,1029498,0,56144,0,25833,2034848,457701,108989,36640,710211,3825550,619974,93580,635490,30561,232673,43433214,340151,0,3713189,264241,0,8674931,319511,0,135570,0,2113080,6760702,0,836222,0,0,3912250,0,234508,3337162,0,0,318134,1374943,0,679667,5921288,3974350,0,27341177,7796694,2905753,8619498,33104711,0,0,0,28118,0,0,43151,12374,0,452735,2516852,0,68882,2281154,0,3462697,1343981,0,129419,2015552,11411365,9744,36211021,3135268,320305,0,3848635,6220408,0,0,79376,0,5038420,0,270784,0,0,0,1299114,33180606,0,0,0,0,2053840,0,78861213,348987293,3592980,0,0,0,1071497,0,0,0,1346429
"33","2021-06-22",10003795789,2169078375,242906,21910.55,12881.36,7550.99,0.4,963490,977128,0,0,0,9044,33632,50900919,0,254747,21080253,19331370,7477814,48434,4898085,17469735,324663,0,24912290,265547,0,39252,0,7105317,0,0,0,241561431,0,43779,4131079,200,0,13448253,0,113305615,0,135652,0,0,55397670,0,37933085,0,0,8291,1012339,2260306,6590380,7708197,427524,1171318,20475762,0,11326877,12547,39800,17739891,11049694,2465521,2322247,148579,2445511,0,9258496,42415,0,136247,0,137928791,57743,14352,0,590551,187487238,0,39098,19013563,64684,17970,2365235,0,553878,0,413682,0,320832,7237214,20933590,549736,875893971,85401479,0,0,10808414,61315,27364002,124955158,155683,73805999,61284,0,10826516,3893109,0,0,0,3348879,2625849,2776566,0,0,243891,69851,5380402,1210273,602883,0,1070799,11077819,1555529,0,1618894,0,0,115706257,1417065,17704,9326268,682826,0,35823876,0,1840758,362176,0,0,0,49881,2295973,0,0,5886471,0,1206774,8893069,0,23470174,1780068,2137976,30000,1922780,15818203,12904797,0,71218532,20185440,7542123,21902404,85758459,0,0,41156,85326,0,32627,43162,0,0,0,7750297,70653,0,0,18558,8960371,3538944,0,129419,6257794,35798669,0,56184503,5378999,360721,285971,0,16511022,0,1864579,0,0,10983094,81800,0,0,0,0,3647474,85761950,0,0,2400,0,5642319,0,199756636,880076941,9567617,0,270,0,4598317,4374,0,141829,3416599
"34","2021-06-23",15348956242,3260322095,389773,32244.06,19312.75,11420.94,0.62,482952,3480222,0,30535,1515215,9119,137979,83466304,46503,453740,23497233,28846898,11791825,50292,7095737,29116225,596646,610988,38175462,72453,21834,39865,0,10519247,0,257898,150019,367692380,12245,195347,6015538,7881,0,19578578,136473,167669291,68188,46928,26541,5324,80280324,6.22e+08,51575356,43140,113058,9535,1219551,4504248,6829209,13048188,605971,2892084,30797635,0,17704611,0,20048,28818415,17024706,5751890,3892147,297158,3579007,0,13356777,68261,0,218830,2647495,207241367,63204,65147,30421,790345,275318140,0,78251,28634144,95271,18415,3563244,0,1180737,18706,431113,0,1161953,11294832,26473858,601334,1339760499,131324360,3915783,447321,16116488,61317,38420964,194594307,163209,132434966,127881,7438014,16340413,5876696,0,0,88178,4875851,3876319,4332306,0,127324,648069,109551,8007346,1569864,1048928,175839,2188076,19301648,1878751,226487,2330669,37726,247673,175607611,2245486,18836,11301238,997026,1389,55996889,320129,0,565611,7438,8910617,7340845,53838,3572620,0,170716,0,0,1262499,13418189,335866,15415471,408606,5356592,30425,3073679,24127573,23284938,0,105148264,30261331,10958474,31463307,125823267,350400,0,21469,174754,0,38361,64987,24748,0,940714,5288762,70653,147488,2503814,19541,13003309,5305106,0,394259,11159115,69841935,11889,101732216,14340712,821606,447974,4065239,25165663,71519,4508759,83743,0,26700332,93152,541568,0,0,0,6293247,130543541,0,0,0,0,9503457,0,286567992,1247664968,14366089,0,860,588066,9326254,4445,417614,0,4137954
"35","2021-06-24",17010586897,3525988949,444354,34493.54,19976.88,11995.76,0.71,484737,2540332,0,34646,822109,9183,70868,94281918,0,332375,36732574,30747456,11118236,54199,7243807,23292980,629532,701183,42296065,225549,0,41198,484189,11157611,0,0,303698,416885840,12405,266145,6264220,17775,0,21923325,72111,174250493,42164,47001,72401,0,83717172,0,38293168,0,122976,9589,1409778,4970163,7132688,14950769,613547,1766345,32879612,0,20006430,0,40317,30377069,19012609,6196782,4218203,297158,3730033,0,13719360,128686,0,237940,2867576,221447691,64749,0,0,874965,292153755,0,0,30436637,107104,19024,4209891,0,667717,0,223659,0,1776365,12755316,26822456,694525,1480007243,150264247,3984095,494524,16921988,186969,38538643,213990634,0,165730071,131752,13966705,18158193,6935474,0,0,0,5080656,4099383,5092867,0,131981,351408,125786,8344855,1686655,1309984,287114,2263610,25759601,1887605,121077,2423504,82134,0,188776792,2739566,0,9497084,733104,1394,56225224,0,0,668467,0,7400248,8358352,55277,4069516,0,172812,1978808,0,1062352,14691426,970668,26540001,1693864,3525525,40736,4006930,27146080,38984494,47,94978149,32991359,11229382,32150550,132519435,0,0,22012,149414,0,40230,0,0,0,477957,2681511,70660,77958,2700446,20358,13476118,5612927,0,405321,13937227,96548886,17350,110287562,16415381,453690,611717,4334685,27515121,0,1840209,89121,0,35529701,103813,0,0,0,0,7558789,165556062,0,22700,4772,0,11199935,0,295875645,1263612763,14964245,1623764,5140,1079134,12494148,4470,235855,142089,4179133
"36","2021-06-25",18870730523,3812204755,490959,37909.6,21617.09,13619.32,0.77,582128,2630601,0,38667,1775500,9264,35768,104571089,52509,335264,40068413,32362217,14086013,58122,7334232,34939470,653622,0,46955845,79993,0,0,484751,11900366,0,595757,310691,474674179,12562,120785,6487299,0,0,25325099,160704,178041526,131104,189915,0,8981,86509183,0,74455541,0,170153,9613,1535967,4411436,8774832,17238366,617911,905885,34415213,0,21859282,0,20302,33065063,21380681,6734185,6014792,298370,3836784,110486,11910742,132691,0,256018,3093599,232452232,67913,37888,30688,934045,308554924,852047,78385,32259471,94293,19521,5056289,0,1494987,0,458176,0,1159798,14208389,27164784,1007729,1698858086,171374222,4013642,548696,17621851,312286,38754697,228189382,172958,198765023,137456,10893548,20170164,5984200,0,0,99900,4186025,4248674,4062353,0,142506,370066,132131,8540642,1884174,1515129,385043,2308183,33907437,2210426,263891,2479626,135460,866396,203162628,2489260,19842,7717011,892123,1411,48669320,341707,0,773289,7486,2582375,9102268,56691,4556862,0,224803,2099568,0,1720756,16417167,666000,0,2820041,2885338,44327,4744474,28954633,20594495,47,98146348,35428749,11481493,23258288,143495076,0,0,45059,90855,0,43983,0,0,0,0,2693998,70671,82145,2971570,21130,13847765,5775133,18042,405974,10123578,107109833,58187,118821370,9910581,520928,744520,4637798,29410995,102319,8624929,116341,0,42184319,166148,0,0,28667,0,8455308,212068168,0,0,0,0,12608106,0,305654631,1277869738,15356957,0,7462,1223130,16083063,4532,251385,426267,5038661
"37","2021-06-26",11760969632,2361277307,602130,22961.6,13125.77,8430.42,0.86,1348634,1668082,0,41716,943301,0,36432,64558565,58518,270172,24127439,19110604,8666861,0,4222095,17469735,380797,0,28554321,0,36188,0,0,7354402,0,0,158863,292684769,0,203656,3792000,25833,0,16277639,88333,103015403,76390,96680,0,9799,50519602,0,45209815,0,116110,9755,1629222,2251808,4449804,10972258,354674,462527,20214496,0,13107773,0,0,19602710,13170763,6991684,0,300972,2223396,0,8021777,56503,0,278954,3229033,136544477,71242,38496,31150,482576,183283813,0,39235,19130217,79753,0,3099096,0,1571413,21855,465733,0,0,8791731,16432124,518368,1070050105,112570368,4076904,0,10472377,126477,22376050,136174803,0,128769442,70335,7176664,12877217,4019724,0,0,0,886238,2468369,3520264,0,79670,379404,77160,4938512,1014831,925691,197001,770478,22808919,1267060,0,1430717,152224,0,122878392,1330448,0,5959427,600889,0,19902555,0,0,358334,7499,10372532,9919479,59316,2807069,0,0,2241662,698,632199,10254295,0,0,1974036,3020645,49333,2961828,17761920,23014571,0,67077621,16140826,6782812,18812073,88290862,0,0,45768,92184,0,49546,0,0,64275449,515344,0,70911,0,3271610,0,8085954,3338037,18050,276584,11495210,61797942,42166,100748084,7939860,1104386,475709,4926701,17389162,0,7781272,205619,0,27279913,203009,0,0,0,0,5076015,136228220,0,0,0,0,7716949,0,178617022,736091179,8977304,0,0,0,13549009,4565,268753,426375,3068401
"38","2021-07-26",9008253450,1758860974,2747475,17161.58,9610.68,6377.81,3.4,0,1136436,0,0,0,9300,36583,51408548,0,135977,18795897,14642399,6869487,59731,3191894,5823245,95528,0,22214457,178400,0,0,0,5917976,0,0,160196,232081450,12993,220564,2897272,0,0,13165759,0,77802638,0,96957,0,0,38634842,0,35307137,0,0,0,0,2339968,3007155,8499416,266694,933374,15420211,0,10119066,0,20390,5019355,10448494,0,3431841,0,1690918,0,6086641,28596,0,0,0,104517520,0,0,0,161965,141775800,0,39259,14778310,59315,20023,1601869,0,404589,0,468011,0,1607171,6942011,0,521936,834263457,92948791,0,0,8012076,189739,16926608,104495014,0,102760768,0,2495153,10529108,3041039,0,1452148,0,0,1900175,2767322,0,0,0,59468,3753136,1041244,725775,0,0,18896157,951774,0,1083913,0,0,64357157,918194,20178,4091842,455043,1418,30153011,0,0,369974,0,5209732,0,0,2224529,0,0,0,0,1039908,8445704,0,26742653,1541793,1026456,0,2344826,14245791,8002640,0,51107238,0,5213474,9464741,72221610,0,0,0,30902,0,0,0,0,49540531,0,0,0,0,6976649,21649,6162977,2535206,0,0,6463305,46454932,0,25948237,8595469,0,324041,0,13260364,0,4276386,280000,0,22725853,0,0,0,0,0,4025048,106818165,0,23846,0,0,6099093,0,135425108,555093498,6893144,0,0,0,10886807,0,0,426375,2362601
"39","2021-07-27",22031878946,4465561971,17007074,42490.49,24615.8,16494.6,22.74,1461562,4056579,0,0,951772,9321,147175,130172445,0,413443,45962336,35077934,16772455,60303,7556766,11646490,479861,0,52862343,391987,0,0,484820,15272572,0,306429,500590,577188181,13439,509008,6908801,0,0,32880298,0,183059552,89680,146151,0,26886,91669613,0,49454518,0,0,0,1704864,4925247,9160087,20902895,447236,2844065,36447934,0,24644951,0,20456,35901977,28383767,14285549,5617957,477468,4019938,74960,14356255,154230,0,324462,3380760,249529285,0,42022,0,843141,338799054,864918,0,35836445,154430,20292,4943245,0,1417684,0,472907,0,1933553,17308723,16543870,792122,1753024749,238411168,0,699325,19314523,446555,39987366,249164261,176879,266095609,143115,12877332,27635376,6127290,0,0,0,3862334,4567685,6790497,36637,0,393688,140800,8859476,2181215,1776248,0,0,50656537,1906862,141529,2569684,323631,0,238406023,3299463,20624,10456420,1087932,1435,71638522,354572,0,891333,0,10441426,10860534,60764,5481702,0,0,2476637,1184,1997579,20859279,2326169,44045410,3718346,6458730,0,6646897,37941317,46070971,0,103402923,17633762,12684140,33497622,186265442,1178902,0,22972,155465,0,52907,0,0,119508247,549768,2729560,71490,0,14904606,22630,14750175,5990970,0,299332,21590919,109355343,45074,135041428,19902653,0,828378,5337775,31381359,121909,16937205,1333193,0,59710489,218164,0,0,0,0,10146731,258758187,0,0,0,0,15289607,44398220,319263891,1302425256,16357637,0,10480,2284343,26011394,4569,0,713176,4979284
"40","2021-07-28",23855485414,4936040058,29194460,45400.98,26096.95,18112.33,75.5,742934,4163588,0,43008,958373,9362,74137,144148549,77449,353707,49192066,35961998,17603392,60389,7638728,5823265,678974,0,54136943,332714,40270,41505,485497,17291512,0,0,194676,626289273,13999,209142,2012364,0,0,37031601,134108,185169525,217587,147133,0,18484,93944754,0,71197203,0,0,0,1783949,5235859,9415007,22467036,453015,2460490,37456278,0,26511065,0,0,37038025,40726400,3627345,8433747,332571,4126889,37997,14595722,164738,0,353355,3489260,259246231,75504,45968,31254,0,348064805,864964,117909,37343340,128625,20626,6476129,0,1994490,0,240392,38,2231247,18869252,22190077,534103,2192223851,270063733,4390342,826007,20457235,321096,40297633,254119831,355001,302017791,145072,16059269,27321967,6187577,0,0,0,3114320,4756970,7254120,0,0,425119,143651,9035822,2651716,1851238,0,0,62591458,2239620,145016,2642166,500085,596255,257222253,2967676,21144,6314540,1116901,1435,64878068,0,0,936198,7502,16135456,11690799,0,5978979,252766,0,2534205,0,2202611,22216243,2796038,102552041,3333778,6913637,61688,9004664,44903287,49302508,0,105349487,38471235,13155865,29009168,211093332,398056,0,69543,157068,0,0,0,26184,126676308,1169813,5544406,0,0,16330128,23528,15281452,6155886,19641,162655,12217650,112012840,51571,142479736,32004695,0,1053859,5724494,31950742,0,24762370,799576,0,70854426,237927,0,0,0,0,10772080,269273912,0,24360,0,0,17344032,45327244,322719926,1314913368,17000538,0,14026,2900000,26995740,4610,288828,1242944,5039085
"41","2021-07-29",24603039250,5172973186,34306238,48101.34,27477.2,19465.06,106.75,0,2453080,0,48445,958373,9398,149817,158363955,94560,358281,52821886,36671132,15587128,60578,7689347,17887809,591339,1240581,55201127,472802,43377,41651,2917452,19312621,0,388445,409944,673357169,15620,472406,0,0,0,44166348,534562,187043299,252973,197637,0,21581,95631489,0,77200196,84740,0,10931,1982452,5449677,9615123,24007123,640716,2558897,38442789,155595,27950963,0,20784,37863150,55328254,0,12061817,352914,4260607,76495,8632745,136386,0,393095,3573358,273722049,79201,103057,0,255047,354798099,865422,78647,38649453,166633,21014,7325456,0,502677,24000,732448,4239,2761422,20426113,16720839,267830,1996520869,300253020,5866316,0,21903482,257659,40400691,259444696,178728,329188545,146738,13622045,34839759,6252675,0,0,0,1061689,4924731,7446823,0,0,480116,145140,9294154,2327917,1906001,0,0,76202540,1605590,0,2721250,351251,1221237,237670469,2032035,21796,12701053,985734,1439,46203349,744170,0,993720,7529,16186079,11917538,64904,6632647,0,0,0,0,1424400,23354658,0,0,1712668,7858565,0,12366009,51000421,31839687,0,89504022,47104562,13629443,29419611,233802887,841955,0,70610,127358,31422,55061,0,29725,129096681,1236676,8400780,72882,0,25132205,23885,15591074,6347322,20538,0,19158368,117039284,52226,149856280,42822083,627833,1273222,6074808,32461272,0,33558282,878172,0,80890511,251899,304278,0,28729,0,3178110,274208675,0,24567,0,0,19998344,23034371,325049733,1329817235,17546146,3667979,19332,0,28400929,4629,0,1422524,7658608
"42","2021-07-30",26690037226,5715905029,34775430,51999.6,29169.88,21097.05,61.07,0,2636650,0,0,0,9428,114054,170234765,108674,435527,56926659,37206287,19211693,122381,7738645,47825586,695695,1334540,56159749,639447,0,41873,1944968,21114688,0,0,465757,717121329,16445,779977,5106410,0,0,49235332,279987,188807668,141276,149417,0,22445,96705189,0,84330961,0,132671,0,2573189,6745348,9794017,21847474,369657,2105044,39333803,0,28994825,0,20892,38539396,65282961,7394970,13542872,179210,4408983,0,15375107,103611,0,441171,3639877,291297280,83210,0,0,1464884,359833881,0,118003,39575510,178182,21453,11403799,0,2109836,0,997110,23974,1511974,21919859,22435192,269095,2106149240,320534204,7741936,0,23142628,388447,40564260,266289109,0,348639887,148231,17380234,36659125,6310758,0,0,2119635,2242033,5075270,7684094,0,0,1077553,145313,9703693,2352816,1964976,0,1702716,92011002,1609020,0,2777197,355742,634013,309772726,3209426,23551,10776736,1201652,1454,89858476,372085,0,1099337,7533,21382032,12112440,66159,7646421,0,0,0,0,3028208,24664126,1550910,108772135,4080521,8786116,74771,15392990,56503578,44923655,47,127342001,48838903,12188631,29785383,249207050,0,0,71322,160756,15726,60044,0,32090,129824128,640013,14129801,0,0,25662418,24242,15822882,6529547,29429,0,16769533,129233668,0,156583362,58152262,0,1110888,6313861,32943041,0,42679658,987014,0,90978923,276510,0,0,28753,0,3381282,282440702,0,0,0,0,23427720,38691079,326896322,1349412885,17933654,0,23881,0,33843981,0,298161,1670871,11060475
"43","2021-08-31",28326243282,5990181213,42786807,54030.7,30082.24,21942.97,92.25,0,3414523,0,50747,969946,9492,115429,179041136,120285,437208,61303442,37581522,18015981,61803,7794226,47920805,701030,1399234,57167552,548032,48918,41917,1603404,22446403,0,491843,485782,758954008,16590,566339,7300699,0,0,53978889,293991,190263680,161941,100479,0,26511,98061389,0,112343115,121092,0,0,0,7585410,11588308,31386104,371915,2706274,40119955,81910,29644841,63056,0,39093308,72614794,7624313,11830041,543862,4570257,319986,11221436,105316,0,484629,3705101,308215687,87758,120772,0,2352423,364100735,0,78706,40269292,184143,21625,14712041,0,1142731,0,507861,56002,1813072,23545090,28164026,545874,2297262219,339792631,9615913,0,23980926,129821,40720320,274208846,238475,271720041,149221,3004698,38760989,7525167,0,0,3545799,1315924,5222317,8011883,0,0,1347224,145366,10152922,2373924,1440475,0,2285084,106494148,1962453,150563,2816230,406174,683642,291160430,2219248,24454,15341526,1276812,1460,87056715,394234,0,1187819,0,29984611,12267399,68509,8996603,0,0,0,1202,2104026,25730982,0,164092763,4208604,15255048,83122,15954289,59039376,36448131,47,110758841,43271958,14699622,35202218,262736862,0,0,47802,97818,47282,67014,0,32107,136268142,900914,14236473,0,0,26012794,24545,16054946,6682610,29429,186595,19074143,143303925,0,163207170,73078078,636308,1317134,6453529,33346366,0,49216096,1764322,0,104148800,299754,321139,953,28841,0,5770457,289308045,0,0,0,0,26997887,47295649,328518078,1371967541,18145499,10955271,0,0,48238490,4734,0,2040033,8823456
"44","2021-08-32",29691515536,7134752664,55587276,54923.55,30639.7,22932.85,149,0,2169242,0,0,972978,0,77644,158013564,132529,368189,66389438,37913960,22764667,62863,7854938,102410620,705507,1445967,58051896,722623,0,42074,0,23431185,0,1037421,491562,807263648,16739,618184,7488347,38405,0,59585698,306462,191619040,178956,151813,0,29786,99263912,0,141590185,147517,160945,0,2780658,4637814,10020983,33168418,469701,2764176,40673436,81984,30064283,32548,0,39546271,74275158,3883927,15674564,186356,4747322,337506,13758893,142939,0,512282,3770240,321144718,96949,137576,0,3490463,368045053,0,118092,40706382,150060,43822,15130703,0,2981397,28097,833197,71800,0,25191534,28294495,0,2445823583,258427833,13061640,0,24486341,65030,40923486,282383212,256890,243111517,150148,16080153,41140045,7086525,13970,0,3972822,3024478,5371561,8399912,0,0,712033,147086,10683556,2789385,1485080,0,2051320,116661886,2374664,173242,2844469,436863,720910,361710042,0,0,15474508,1339127,0,110016317,907839,0,1082311,0,27399783,12359370,70773,10364452,0,393293,2550390,0,2815548,26303248,2008140,162518472,4352173,12294225,0,15970576,64586037,27475571,0,93619414,52457998,13067291,30562691,276182949,680470,0,72142,165558,31578,71957,0,0,142926681,1035558,17188174,73777,0,22200055,49396,16272464,6805888,43466,0,21110593,153532879,0,169524252,22521274,641154,1339563,6561983,33749525,0,53088397,1541475,105745,101028337,327855,0,0,0,893369,7700200,299250141,0,25621,0,0,30984392,48165885,330225535,1395275380,18273966,47181905,0,0,76400100,4780,0,1219973,11655323
"45","2021-08-33",31774131326,6960824730,77702890,58381.53,31701,24321.78,253.85,770542,3836610,3421279,51044,2025953,9493,78416,187724468,144573,373764,72510369,38190344,24699209,68323,7902635,95117053,711210,1496227,58544777,602974,50751,42430,560963,24606096,0,567198,0,865125342,16826,352095,3255395,0,0,64938754,667539,193025872,411748,101827,0,33525,99961154,0,127576838,174765,172162,0,2948584,0,11818201,34216597,379307,2807215,41079706,82017,30361891,33388,21548,39879029,74433302,4319631,16488124,567842,4894267,0,4640925,180569,0,533705,3860556,330314153,108287,74720,0,1852578,372694338,0,157803,41106478,155796,22307,19966070,0,3173936,0,287837,68552,0,26769733,22740013,0,2635346464,387667691,15513459,0,25131476,195108,41224044,288350163,283552,319793368,151180,23108366,43318168,8553936,0,0,4318237,5948875,5516552,7489832,0,0,837907,151525,11096866,2410127,623117,0,3556688,126034909,2516917,0,2866717,0,768234,385719384,0,25355,13332277,1385989,0,118097403,916174,4456857,564071,0,33612767,12435864,73556,11691419,794548,401272,0,0,3127694,26610906,2155932,179283657,4679002,5369981,91962,15975470,66598530,18697647,0,132553447,55692215,13445231,36027700,289555865,1931877,0,0,136962,35481,79072,0,32114,147618945,2234924,14408252,0,0,13655103,25005,16476246,6930378,48883,188765,38372281,170972061,0,175368064,23872564,0,1361317,6696807,34212962,0,55429728,3455510,218621,134069674,348548,356897,968,0,3245857,17305893,314420451,0,0,5988,901900,34343121,57591627,332321179,1417000240,18405806,35109395,29321,0,100281548,4821,0,1541940,15299600
"46","2021-08-34",33431600474,8208248567,100290544,59526.65,31993.68,24948.36,409.2,0,4799931,0,0,1110558,0,119583,191863010,153888,467053,79652014,38523563,22843865,165693,7966432,85307564,738502,1561907,58925399,0,0,42826,561411,26003593,0,0,252722,916684412,17095,609670,0,77659,0,70527182,691910,194522876,229578,51078,0,37024,100528729,1072500000,134973189,0,184812,0,3029514,0,10249769,36837385,382148,570003,41461595,164601,30607082,35396,22343,40333390,74957804,10726603,13635729,390449,4999883,0,0,73136,0,543254,3956974,337100345,119413,77761,519699,4335727,377713245,0,197866,41676247,78799,23965,21952751,0,2136262,28097,1222045,104878,2694923,28041608,28553192,835815,3251318757,413683913,16986882,0,25662817,0,41631577,293929153,1417628,203912788,75860,23767031,45139951,12430252,0,0,3960511,13320120,5660784,7894250,71597,0,951010,158380,11417222,2832154,320034,0,3227942,134556856,2655489,210013,2884904,228536,791795,397436832,0,25930,13391505,1436767,0,88837686,1643520,0,204142,0,24892852,12508027,77705,13732592,443053,404104,2756203,0,3471728,26872351,2336980,77875437,5286443,0,0,15982656,70735387,0,0,95710669,58824536,11411275,36412357,299726780,2291105,0,48397,178042,0,87436,0,0,151855614,1147553,17431811,0,159793,32034676,25161,16664446,7062319,0,0,33723588,191958877,0,179798199,85230554,645926,1387786,6806632,34774026,0,57686717,1891850,304603,151657506,375372,0,0,28841,3459025,25610261,328304956,0,0,6167,0,36201056,25279468,334961512,1437441899,18475272,45654851,0,6006270,114124711,4899,0,1858293,14497181
"47","2021-08-35",15326594169,3472632591,48364842,27863.19,15085.88,11861.42,209,773002,2473521,0,52910,0,0,81856,83421078,176552,235632,36357406,16603741,12200436,0,3435978,36711756,218607,1626825,25353976,167596,0,0,567143,11853326,0,0,0,404851523,0,450758,0,108799,0,32058650,349385,83843744,236158,102689,0,40329,43224810,0,70331892,0,0,11404,3059023,0,3442880,16525504,287984,573924,17869103,83081,13174895,0,0,17410612,32384545,0,7041777,0,2175650,0,0,73376,0,558944,4021512,146092457,133302,0,352523,1583031,163252830,0,0,18099538,39878,0,9936933,0,2401620,0,625008,29332,2768918,12356302,11526576,279365,1478232885,187390361,36872380,0,11112357,130234,17973285,127696655,775477,214481927,76256,6922770,19833065,5857684,0,0,2046964,7271234,2466640,4066550,0,0,0,69156,4963138,813840,326165,0,2033889,60208589,1151153,0,1240788,0,0,172787055,0,0,6713799,629817,0,37080226,0,0,0,7612,10656735,12571773,82172,6725818,0,0,2994933,0,722579,11612806,2504214,85269472,2665472,8156002,98373,6856160,31886704,0,0,57780012,25925560,4642459,15714044,130953753,1513881,0,24266,36750,0,92319,0,0,66425084,0,5840966,0,0,13791959,0,7185885,3061977,53974,194876,18671192,87473543,52387,109311307,37058120,0,605405,6895893,15093254,201379,30071328,2009748,0,46419836,389989,0,0,41130,1525970,8294644,143997375,4374694,0,0,0,16081910,0,144164283,621866634,7929531,19058860,31654,0,52017509,4952,0,310173,7664859
"48","2021-09-35",20121068801,4462829007,78988135,34744.27,18499.8,14895.13,405.86,0,1680917,5e+06,0,1165755,9493,0,112539542,0,236785,50870973,22251171,17037073,105753,4596414,37691025,455194,0,33916767,172068,120333,43128,0,16127903,19109,0,320308,552657592,0,467635,0,0,0,44111485,0,112307155,0,51742,0,0,57744356,0,71876727,0,0,0,0,0,6945078,17306966,385291,1730887,23922450,0,17609665,36344,22559,23366550,0,6182511,7248602,407526,2921165,0,0,73524,0,0,0,196466280,0,84214,178634,2474244,219185805,0,79387,24443734,0,26088,13734438,0,854205,0,318569,32226,0,16778584,11580705,839121,2065979822,261770388,0,0,14885709,65120,24085972,172098631,829642,146438631,76478,10472648,26916076,8049703,0,0,2786746,10046813,3329535,5540791,0,0,1071946,92227,6686253,1634165,327783,0,2075494,82795703,771409,230583,1659055,0,816020,233235614,0,26135,8966197,852363,1466,57027095,0,0,213438,0,21835446,0,0,9829575,463656,0,0,0,1461856,15653935,0,90199794,4205308,11070422,0,9143871,43967885,0,0,77387026,26154931,7002570,21060732,176837824,0,0,24335,0,19066,0,0,34468,89344055,1167364,5866724,0,0,9213311,25376,9611891,4124776,0,197682,19322816,119674984,0,73310573,50298122,0,817820,0,20366592,0,30369761,0,0,97402824,0,0,0,0,2071227,8608882,195992695,0,26606,0,1030447,22068740,26150317,192759576,834910808,10598909,9647200,0,0,71778518,0,0,621246,10644727
"49","2021-09-36",36650992753,9296083022,153293117,63365.56,34117.74,27317.8,774.87,0,5289178,0,0,1510880,9493,86619,199421674,195290,476487,94333646,39192570,22018323,0,8075234,118523285,708193,1692439,59573854,521703,152669,43377,567175,28678979,0,634063,355273,986981911,0,706587,0,0,0,79448466,355561,197784522,272501,210044,0,60431,101274386,1.095e+09,48694344,174765,198954,0,3071596,1193877,10507739,32652983,483464,2335664,42053914,168849,30901195,38634,22930,41203270,43374684,13989999,15038229,413648,5154794,359909,0,148331,0,566210,4058536,346682089,142109,0,179910,3432628,386408489,0,159073,43399847,0,28511,14607886,0,2705203,0,977590,108289,5844409,30004924,29129744,840919,3795292041,485759700,19467858,7888124,26181073,326494,42300436,304765108,1831599,308268506,153353,21263801,48493368,10513483,13970,0,4328846,10390581,5912371,9958827,0,0,2364806,161536,11819675,2877198,329375,0,3515110,150678617,2711897,257674,2913410,285121,828108,357571262,0,26451,13466705,1518667,1466,97917272,1643520,4944654,223071,0,33950432,12624499,86125,19001670,476308,0,7062571,0,2249906,27687929,2592464,294676195,8144576,19805945,102739,4725118,85637316,25195827,47,116702738,61679362,9405347,37073468,314868881,3374516,0,49129,0,19399,94441,0,84067,158158909,1179100,14757287,0,0,4641315,25516,16896854,7328579,0,430754,51911676,223102675,108329,184913123,90973423,646192,1463777,6971229,36244727,0,64276845,4177573,350000,181725781,399214,414249,0,0,3772951,26545194,354048289,0,27220,6209,0,40128141,44259403,338417986,1471906576,18685745,29219363,34753,6822809,145289208,0,0,311049,16681208
"50","2021-09-37",38111437083,10869822085,177526151,64817.36,34146.87,27223.82,934.66,0,5436339,5815039,0,0,9498,89048,201784378,215278,402239,101399723,39583057,22667604,0,8111206,127426417,738145,1751254,59822584,533918,152699,43549,567220,29104921,0,0,365655,1012889255,0,720910,0,166160,0,80873523,734092,199500752,277322,161727,0,86821,102321182,1100842000,148845449,0,207265,0,3144786,0,12398179,52732511,388575,2353184,42281046,0,30990524,39923,23300,41619135,43676243,15902184,11583628,210358,5203748,0,14268782,112508,0,569958,4084841,349857164,146890,100263,0,2751773,390087770,0,159315,44206235,0,30783,27756556,0,1899683,76511,678630,42494,0,30579997,29237018,1123766,4048055137,528546105,74269277,0,26298402,130854,42486285,308391685,1491233,406789335,153736,25219994,50129979,14205041,24429,0,5274500,0,6027128,10359415,0,0,1246217,166312,11974031,2899086,670654,0,4383204,155713491,2731179,284052,2925630,311544,842642,429340677,0,26672,11238675,1346407,1472,20362745,1903730,0,232051,0,41827902,12671953,101168,20854716,490472,0,8170732,0,2293199,28237379,2710021,212022932,8780707,20147078,114419,2550991,100089094,0,0,97903020,26584403,0,37382079,277691116,5484985,0,49768,128003,39230,97032,0,51447,160518347,1203066,11939330,77311,181065,32563782,25672,16991193,7640747,74573,231089,55188871,245804495,0,186490142,95172687,648840,1287818,7036973,37284921,285087,68904511,4437139,0,194940563,408918,445041,0,0,3933330,22969580,364864307,0,27446,0,0,42695496,63042106,339514212,1486935399,18793280,0,39347,0,182017229,4952,308025,0,14445520
"51","2021-09-38",38936759693,9180918122,197726723,66308.8,35274.63,28097.14,1015.11,0,5551950,6017036,0,1836547,9498,48580,204194514,237454,485638,108751000,39983243,32580160,114333,8135526,137918277,904562,1877399,60062758,746682,0,43855,574135,29580532,0,0,380093,1035808173,17439,786684,0,234490,0,88301080,376195,201528149,282236,109477,140492,98213,104085661,0,127506065,174765,215561,0,3274461,0,12560194,60956263,585182,1777262,42473701,0,31060197,41142,23615,42066165,66386672,9593247,15810925,219233,5254495,616008,18448802,113309,0,587948,4107802,352205865,150277,100884,183739,5747298,393520856,865422,159593,44742045,0,33132,29782713,0,5390595,87231,698510,42899,3207579,30981426,29330919,562707,4314896668,575393133,29526662,4585095,26391326,130918,42646586,312219197,1034117,255227595,154087,25559826,51631663,15656595,0,0,5516205,2799549,6168364,10738548,249173,0,3999408,170090,12101954,2916971,348347,197001,5362848,160492156,1957324,620926,2937039,0,846158,438856603,0,0,13496716,1396796,1483,64502623,0,12736278,248269,0,31668163,12740523,127322,22189924,502324,405918,13575205,0,3111119,28831446,2810262,166639419,9316402,20321633,0,5237688,109162443,0,0,137934710,26733257,0,37862613,283129464,3804918,0,25178,264639,19984,99163,0,115595,162211357,1219834,15049657,0,0,32701885,25721,17102243,7986711,0,491145,59666694,260061846,215528,187562477,97750961,649062,1548101,7093596,38198388,0,47441276,2307140,0,116597892,845395,595491,0,46126,4034037,33092684,371422797,0,0,0,1643067,45738028,64089997,340560613,1499540481,18853895,32382676,42840,8800000,204024827,5215,0,0,20871399
"52","2021-09-39",29055207669,8144590756,151482817,48607.9,25380.21,20900.4,775.39,828601,3770909,0,54312,2127405,0,51148,147824259,264695,406267,81735870,28771940,18935472,0,5822072,105149143,671319,2059838,43048925,386101,0,0,584605,21392880,0,734195,394827,752121960,0,859885,0,0,0,66302822,762848,145130347,284115,55129,197103,236561,76182099,0,78575883,190637,230572,0,3407214,0,9067592,46232445,195622,1189544,30429660,99839,22219683,0,0,30257440,56152648,21638653,16287596,225011,3782011,217532,14041613,114129,0,591293,4128505,252624972,152157,102256,184817,2925504,282868084,0,119839,32159066,0,0,22268926,0,3620851,0,711884,47010,0,22369406,29423622,281734,3206993109,443120470,36303822,4676216,18901471,65461,30589663,225482732,1054695,440697283,154591,18482037,37811727,13903756,29429,0,4101782,2983763,4525057,7912405,324686,0,1381925,122422,8713737,2092367,724402,0,2385244,118981028,1176389,316293,840732,0,855866,318053331,0,0,11254013,1201675,0,22309639,0,0,261269,0,35034643,12811227,141094,16349022,0,405978,4790943,0,2356985,20797751,2896271,175868287,5530590,14595835,119996,0,81381710,27836530,0,59379449,17875217,0,10941615,239335558,6323184,0,25394,136586,61695,114698,0,0,116644760,1247876,12132050,0,382199,18763600,0,12283198,5800629,0,760914,37029602,194388408,0,188284628,72167142,0,908677,7138186,27677400,613263,63951427,2398703,0,0,441510,0,0,0,2935946,10048298,214498027,0,0,0,0,34633105,37088575,243996720,1078759658,13505734,45118222,0,9731808,160354588,5366,0,0,15255232
"53","2021-10-39",10901598956,2521087401,71010422,17986.48,9401.53,7860.31,300.3,0,1899173,0,0,0,9548,53171,59549986,0,162923,33673062,11562158,9572979,124207,2331026,32688608,275198,0,17261493,196910,0,44190,0,8615408,0,0,0,304068196,17570,302258,0,0,0,26826893,0,58288081,0,0,0,0,31161574,0,26862638,0,0,0,0,0,1829251,18972377,196031,596199,12195052,0,8895350,0,25127,12158527,22841680,0,0,0,1519243,0,2856031,38288,0,0,0,101373826,0,0,0,988358,113547079,0,39952,12910783,39900,34535,9133267,0,0,0,0,101989,3331191,9001694,0,0,1309700496,185227495,0,0,7571862,130945,12281238,90729536,537510,0,0,7434932,15338588,5831750,0,0,1671665,0,1844830,3231412,0,0,1401958,49163,3504353,839192,367079,0,1640885,48632692,392490,318655,0,0,0,64048979,0,0,4503226,490164,0,22748069,0,8390746,0,0,7694609,0,0,6633035,556589,0,0,0,788058,8358734,0,0,0,2924521,0,2766899,33305414,0,0,39699481,0,0,0,96878994,2127543,0,25637,46620,20830,0,0,68443,46819282,0,3046445,0,0,9396138,25891,4931651,2335067,0,0,0,79557424,77546,0,29079623,0,460340,0,11152406,0,13424778,0,0,0,0,720739,0,0,1196609,10200272,107938879,0,0,0,0,14317736,9326856,97834406,433571467,5410024,11620140,0,0,67687914,0,0,0,6183567
"54","2021-10-40",41054114167,10120010728,304167057,67208.78,34937.4,29424.3,1313.19,0,5746986,0,54383,2863708,0,162129,210109981,0,489941,120943131,40608299,29019269,129121,8169340,208166999,981361,2234696,60520706,398512,0,44573,584977,30421428,0,0,444442,1072925796,17607,954691,1407830,273428,0,94214369,391795,204899091,0,0,0,139591,110566332,0,137728669,198577,253726,11404,3470013,1921801,3685441,66977845,393493,1194301,42760262,102610,31161015,0,26294,42747326,80592282,13552189,20740119,466423,5337047,0,20438144,77118,0,593442,4146523,355770250,153079,105903,0,3972033,398522717,1369515,199769,45334953,79837,35762,33019670,0,2497544,108632,1458591,62929,3336972,31648055,23606094,282036,4682336220,672736882,40961153,5024958,26530539,327394,43239471,319243343,1631946,456522211,155721,22540331,54344943,18140648,37643,0,5984413,0,6583995,11503376,0,84482,2837761,172666,12319235,2944127,372726,0,5881842,173684960,2356957,0,847408,0,870130,328169677,824986,0,11260551,1487748,1502,23023859,1903730,0,276431,0,55576580,12876059,153060,23682184,671784,0,4963985,0,2377302,29304552,0,186661825,1416215,20578659,133741,2838640,119768340,0,0,39765248,8970579,0,0,342619601,2135104,0,0,236019,21336,0,0,73554,164883308,1263844,9172013,0,0,32939000,26059,17311757,8198492,104760,297741,52388663,279655452,81061,188785606,102356674,0,1405381,7172337,39254165,0,81574921,2464077,0,169381136,468339,805728,0,46985,4270356,36361261,379921541,0,28305,0,2200321,51540181,65721600,343455938,1524376572,18961648,47505519,49639,9926613,180085154,5679,0,0,21939042
"55","2021-10-41",41693572045,10395047235,356375800,67836.28,35245.18,30265.99,1432.84,0,1938820,0,0,3158501,9548,109861,183594770,344029,409843,125487247,40830379,24553661,0,8187485,221705986,861167,2468546,60696624,0,216527,45017,585479,30762544,0,0,525739,1086221926,0,1005727,0,0,0,94797816,793178,206166965,0,0,245444,297511,112317348,0,169450651,213143,279091,0,3525260,4031202,13032946,67698248,296728,2396893,42900380,0,31204928,0,26806,43465275,81672252,0,21042999,473796,5372631,459552,21025261,155042,0,594872,4164846,357321519,154058,120033,0,4015099,400455147,0,199809,45638922,199916,36757,34702923,0,5277413,111131,738727,142947,3520903,31822135,29572117,282338,4828034140,721003482,45075271,0,26575427,261972,43448878,322105982,2779644,469783188,78261,19047378,55432791,9726425,43044,0,6239249,3091161,6937921,11763869,347836,0,1442286,173485,12414830,2960461,417135,0,5275820,176836871,2360681,0,2973834,711425,881907,267247278,0,0,13519180,1509726,0,23139440,1973519,0,285993,0,41674420,12918498,163236,24496267,0,909084,5118422,0,2390388,29370745,2959586,129411630,0,17725032,0,2868610,123908147,0,0,79978304,8986023,0,0,298727488,7860257,0,0,145356,22811,0,0,150873,166582808,1271021,3064730,80595,292239,33089344,26122,17395105,8236863,113423,341084,41303249,282081889,82889,151362117,103117202,0,1195742,7205766,39600879,714300,70085394,2513950,0,251151278,495822,867386,968,0,4414153,37384010,382735127,0,0,0,2378171,54211331,37900080,345063603,1535131617,19017167,37789102,59215,0,244159979,5749,319710,0,22297995
"56","2021-10-42",43181637132,11904063846,429810557,70256.66,35958.75,31136.07,1724.78,0,5921673,0,0,7913628,0,111239,160470568,434617,411200,129119918,41038990,19896679,0,8203926,193064858,729855,2608819,60869765,0,0,45291,585993,31116053,0,0,618979,1100159542,17765,1037243,0,0,543,95414740,817447,207299267,578882,55991,329627,155038,113817045,0,115992351,245694,289849,12297,3597302,2122428,13149130,68348769,696999,1203110,43088107,108291,31248322,0,27412,45431049,83737252,32238300,8485765,478212,5425795,236992,18525931,156086,0,619734,4188204,358722630,155290,125804,441807,1013828,402172843,1901831,281285,45968197,80137,37675,35908686,0,2804706,111771,750179,79404,3841202,32019452,29647094,282644,4934202569,768461483,149597430,5260678,26642611,134681,43570388,324662163,2297271,479596521,156952,23082030,56555371,20436731,0,0,6504136,3178111,7458101,12005559,0,262220,2938464,173808,12514216,2565443,425260,381633,4551256,178367428,1969404,0,2988149,712117,891593,485059850,0,0,9015964,1524890,0,46570256,1973519,23610858,302500,0,16977432,12950954,171401,25229574,944476,0,16302796,0,3999952,29414684,3065137,204202697,0,20742785,0,0,129202049,32954936,0,100339891,9003852,0,0,209292818,7066800,0,25763,98657,70059,115354,0,0,167896018,0,6189871,0,318380,14222453,26220,17467558,8268111,0,361937,43154181,284891829,253974,189592536,103716804,1154253,1466491,7282697,39898526,0,90699801,5224205,0,269986376,520137,0,0,49817,4518675,38131313,385073192,0,0,6230,2575021,58812335,47701625,346886921,1545210412,19066039,77814457,0,0,292166812,5781,0,0,22716545
"57","2021-10-43",43555842410,12112305664,535273289,72520.59,36203.84,31376.01,2065.93,0,5031855,19045131,0,4498272,0,112211,233999355,497971,412623,132129987,41340599,0,132240,8223205,40281045,1035687,2759758,61053802,223812,238775,0,586321,31609746,0,0,676342,1111880456,17902,2105703,1532911,325119,1634,95812573,416855,208257421,586197,56365,0,165934,115013579,0,178295869,0,0,0,0,4469609,9483509,68965250,602640,1813047,43462811,220100,31304211,0,27793,46805534,87089372,17937206,8602516,723395,5518584,483123,23507815,117992,0,624413,4211457,359931118,156445,125912,230412,0,403804446,2149123,283826,46308848,80225,38205,36853068,0,4423128,117488,757871,88251,0,32212861,29720914,282927,5067339687,809767985,103358298,11517176,26725656,203175,43670735,325970156,4086672,389190747,157510,27416146,57498489,25237179,54026,0,6754068,3251958,7924877,5242266,0,327381,3003327,175033,12629842,3022639,451006,0,6652889,179448316,1971488,322703,3004255,938294,901578,356946460,884590,0,6764591,1793608,0,47716259,2734512,0,320985,0,8621449,12986152,174092,25692585,0,498894,5607813,0,2409547,29457422,0,139480150,1499846,20805487,183856,2919121,132264225,0,0,100852543,9017464,0,0,163815269,3712692,0,25921,0,75913,115545,0,80345,168995423,0,12556635,162122,0,0,26343,17543700,8303591,121778,363102,30179601,287490290,254517,266090980,75434327,0,1488016,7364150,40129467,720552,98264463,2678569,0,285440230,543053,929347,0,51048,4577790,27732104,386997660,0,0,0,2854082,67026317,67343710,348867285,1557833894,19102080,80124111,65982,0,330624846,5897,327016,0,23057294
"58","2021-10-44",6533288699,1717489896,81935945,10127.54,4843.15,4392.04,248.81,0,0,0,54999,0,0,0,34209029,579360,0,19052562,5936472,0,0,1177521,41784170,149019,0,8736904,0,0,0,588307,4562128,0,797531,0,159589151,0,0,0,0,0,13709487,0,29817829,293634,0,0,166793,16495609,0,30172182,0,0,0,0,2314075,1911657,9939797,0,0,6240040,0,4476999,0,0,6728113,12630462,0,0,0,795731,0,3515870,39719,0,0,4232840,51497405,0,0,234467,0,57802803,0,0,6638806,0,0,5331029,0,1513854,127719,0,96262,0,4617717,5955207,0,733542729,119662248,0,0,0,0,6245340,46640387,591859,98090221,78947,3950145,8291167,3688884,0,0,983749,0,1161287,0,0,365900,1545739,25083,1811854,0,0,0,975341,25692802,394574,0,430283,0,0,74607721,0,0,2255448,257443,0,24198013,3667470,13244996,0,0,0,13030078,0,3708382,0,0,5693300,0,0,4210716,0,0,0,2978131,0,0,19341982,0,0,20248449,0,0,0,55463950,0,0,0,0,0,0,0,0,24208729,0,0,0,0,0,0,2512445,1188867,0,363367,15329097,41240040,0,0,0,0,249920,7431647,5746613,807249,17214718,0,0,42247135,0,0,0,0,658107,0,55392343,0,0,0,0,10245773,0,49987325,223545837,2730779,0,0,0,57332644,0,0,0,3316429
"59","2021-11-44",38502417732,10946103606,598312203,61233.64,30109.39,26569.28,1968.84,0,3074922,6399209,0,4846094,9548,57058,173058828,0,331194,115183739,35823611,0,143726,7077382,213894529,898148,0,52503247,225088,269540,0,0,27555675,0,833233,722374,959905692,18041,1416517,0,364565,0,69230375,839657,179182298,0,56887,361984,167809,99341891,0,0,273498,384530,0,3751251,2397955,11569369,50000561,202618,1818146,37784411,112529,26902116,66010,27992,40577308,76091975,37988491,8677675,486105,4816498,246064,18116090,120255,0,629006,0,309416278,157343,260609,236070,3142464,347560983,4597338,81155,40055103,80246,38704,32294977,0,3050102,167199,1534067,96384,3847285,27784389,23844765,283301,4429849128,734249244,107866908,6062577,22968063,135796,37507632,280165176,2997842,295127258,78978,23891556,50076254,18784600,0,0,6009925,0,7116363,10758804,0,393975,3141183,151356,10904127,2617009,464836,0,4952566,154333467,1184133,324713,2588092,1002548,905034,223964259,0,0,4512080,1292802,0,48570880,4159380,13905795,333506,0,8670024,0,176189,22400375,1249238,0,5741264,0,2419317,25289294,0,290531086,0,14897159,0,2927343,118640471,0,0,121794049,9030756,0,0,226163864,3937599,0,52154,103589,26640,121713,0,0,145582277,0,12668064,81323,505385,0,26524,15105817,7155360,0,736958,62428634,248786666,169678,114213846,62873626,0,1255040,0,34565759,0,86838562,0,0,257963063,0,950793,0,54529,3966081,34019930,333180412,0,29210,0,3189173,65742181,58224616,300803326,1348540363,16405344,27519991,72276,13858057,295472267,5938,331778,0,20066480
"60","2021-11-45",46730661289,13110619581,822378619,74229.24,36229.98,31731.63,2707.55,0,4152245,12865200,0,11072197,9624,58497,247939105,613849,415369,135955656,42515559,25035601,0,8277443,287753666,1057559,3111709,61427881,226060,304596,0,0,32694463,0,0,770879,1129520292,18137,2563826,0,0,0,98098932,856894,209668240,295571,57357,362174,342642,116640555,0,0,0,423819,12600,3790500,2487429,8032990,60379624,305348,1827425,44702253,232680,31510011,0,28207,47613398,90424959,42873205,17460434,244586,5684451,507612,22002812,0,0,630524,4248106,361885642,0,282016,0,6396941,407245052,2352125,203261,47278747,0,39254,38475983,0,3166276,548363,1555408,202870,3957957,32596625,29913206,283668,5221075731,891241924,110981687,0,26856361,68139,43817675,327668834,4307588,395618061,158242,28157599,59202574,7634141,0,0,7181656,0,8530362,12753032,0,0,1587796,177923,12821183,3077226,0,0,6086068,180351214,1184805,0,3028214,3074465,906214,300322079,0,0,9027476,1837418,1531,0,4858830,14692607,339695,0,8736532,13100998,177450,26404828,0,0,11599692,0,809293,29550287,3089635,458044112,1876152,20879126,0,3180418,145999647,40517967,0,102015027,9040731,0,0,414089883,9270757,0,26215,209722,111843,133465,0,81125,121831956,0,9565573,81375,603654,0,26640,17752343,8417475,135995,589128,95920647,292896453,84839,152493287,94933273,0,1770273,7450103,40521053,0,105907693,2714911,0,310835401,587392,971322,0,0,4668073,40425080,390074546,0,0,0,3483212,82790551,58590915,352927783,1593509554,19172462,89546212,80551,0,316792520,5966,0,806611,23887596
"61","2021-11-46",48449092146,13728289681,980609613,77613.44,37598.15,33025.14,3288.89,7815613,4208605,0,0,5950213,9906,60789,179724199,682188,500003,137761592,43420313,35234597,149231,8292633,208821590,1065693,3259591,61614282,227261,339452,0,0,33734015,0,0,836794,1135808198,0,2731574,1786530,0,0,98541980,502131,210342339,0,57558,362298,175171,117295027,1.225e+09,0,278152,464855,0,3821682,2669432,12554990,70767854,204543,1223959,45325889,120818,31701970,70081,28590,41003501,92584502,23649491,8771240,737867,5731499,0,22547104,0,0,632505,4261254,362842129,159343,148798,236470,4394890,409600005,2527761,285620,47950824,0,39717,39457059,0,0,627449,1966241,225219,3987966,32800854,30041970,568675,5308965731,923700153,0,6732542,26924862,136322,43872373,328556257,3826217,496733834,158760,20299364,60017857,19686919,57722,0,7406731,0,8725871,12975904,581857,494052,3226453,179002,12921644,3099371,0,455028,5298260,180669088,1975923,0,3037584,2076921,1827518,453214062,948882,0,11290564,1335453,0,48935745,5919277,15390873,346454,0,8911971,13167984,178199,26720871,3842428,506083,5947322,0,1634212,29603730,0,471403120,1886212,20951287,0,3279439,150929555,0,0,143785596,9053901,0,0,436905455,5227250,0,26851,212744,58196,137258,0,0,171196213,0,9676701,163266,0,0,26750,17984845,8509083,0,0,98654542,295305521,0,190920312,111214686,0,1275171,7492412,40736182,890111,107633711,2788171,0,274245706,616024,998792,0,63259,4718922,41077112,391545618,0,0,0,3838439,87779022,58954624,354726148,1618087303,19210387,95572595,85976,0,393421628,5988,1062128,0,21328842
"62","2021-11-47",48455087487,12621773813,1094994943,77907.28,37376.21,33084.13,3865.94,4397449,3193657,20116926,0,12411495,0,183786,181401987,738887,584756,139208430,44101564,35418438,0,8306311,171189855,919627,3415261,61810269,0,0,0,589141,34803220,0,0,883188,1142592231,0,2407776,0,442769,1627,98786743,1458930,210979885,296998,0,0,364924,117770205,0,0,0,496643,0,3860379,0,15055804,50732778,512992,2473469,46076306,262030,31842702,73592,0,47998445,94968383,0,17625862,493770,5769468,271668,38415183,0,0,633512,4275223,363966738,161102,328148,236834,4514413,413111321,2651463,163605,48719393,40224,0,40814837,0,8253205,691885,795789,0,0,33027092,30284717,570285,5422019376,681622500,113986800,14301722,26995932,272962,44035187,329545477,3930871,398424024,159255,24584724,51991034,17300865,0,0,7641078,3744740,8843922,13185376,0,0,3300006,179624,13014818,3117595,1923109,473726,5535229,180923140,1977470,1090949,3045720,2114611,916524,380449617,0,0,13555622,1358617,0,48982854,6257220,16485315,355254,0,9206187,13217207,179591,27006544,0,0,18593706,0,828770,29659640,0,318131657,1910794,21012525,254708,0,155634133,0,0,103484152,0,0,0,390291076,5744232,0,0,161695,121704,0,0,165539,171822627,3958239,12992158,81867,703231,0,0,18310865,8581719,150777,0,101016871,297099313,185148,191320843,95491782,0,1025346,7535239,40907070,0,90565855,2880326,0,329451789,636271,1097253,0,72695,4770681,36170411,392824443,0,0,0,0,91533442,69120738,355949465,1638376685,19243230,67409588,89472,0,478560108,6001,537397,0,26031425
"63","2021-11-48",21730766058,6973052571,531131185,37543.23,17897.3,16206.61,1872.94,0,2144516,13615067,0,0,9911,0,109792866,799403,250915,60002070,19077205,15227965,151709,3564471,176944199,460744,3618830,26534566,227942,774881,0,589215,15160666,0,882641,0,491317856,18259,1209465,0,0,0,42412637,777338,91047601,0,57952,0,0,50584544,0,0,281946,0,0,3887480,0,6544452,30508474,102802,0,19946590,142913,13693670,0,28764,20614300,41200803,51366431,8848911,247515,2481882,0,22780895,0,0,651320,4290268,156299803,162831,0,0,1160258,178385949,0,40914,21102196,0,40353,17874305,0,1658464,349317,800390,0,4395843,14246505,18379928,285721,2360057515,0,57385036,14969639,11590526,136600,18991846,141626197,1332940,299310189,79851,12390314,26153154,13753956,59492,3304574,2235161,0,3822251,5721128,0,506647,1683548,77158,5603818,893642,967150,532674,3405587,77601782,791453,708943,1307061,0,0,230140389,0,0,4520048,821731,0,49025030,6422216,16849172,0,0,9879648,13250021,181074,11661590,0,507223,0,0,0,12726117,0,160283873,1986530,9019099,269366,3344594,67759576,0,0,41644509,18107802,0,0,199198436,0,0,0,108661,31057,139865,0,0,73806372,0,9782767,81937,0,0,26873,7935202,3692066,161521,0,34399737,127810456,0,114996089,47783357,0,514610,7580254,17576823,890837,54656587,3024020,0,95810826,646851,0,0,73183,2061249,18279551,168695329,0,0,0,0,40180817,29671071,152899302,706111798,8251641,34865801,0,16415684,142102157,6016,548933,0,11348325
"64","2021-12-48",28420912645,8615914313,860083987,45778.03,21674.69,19622.79,2722.65,0,2155822,0,0,0,10038,0,147508442,0,251083,80304550,25603724,20358406,0,4757698,187866514,615377,0,35426457,228517,0,0,0,20459332,0,0,921104,657451098,18288,1615757,0,0,0,56645333,0,122322989,299770,58143,375096,0,67586182,0,0,0,521700,0,0,0,6599133,40752825,309057,1253772,26759505,145382,18330188,78388,0,27540820,55338200,27299203,0,247933,3318580,290582,33405592,0,0,0,0,208709157,0,186639,239974,2385750,239276346,0,163887,28348746,40271,40561,24248870,0,1680365,0,803587,0,4927085,19068099,12284869,285726,3182184203,566171455,0,7691071,15473065,273363,25438387,189303395,2701922,99861506,80111,16601954,35022632,9710518,0,0,3392561,0,5125083,5808760,0,0,3448245,103091,7504493,1795944,1456676,0,3521013,103541869,1187593,0,1743677,1075584,0,154377739,0,0,9044668,1103853,0,24529352,13258257,0,366698,0,0,0,0,15655860,4053890,0,13656414,0,0,16992637,0,161856119,0,12036163,0,3395632,91144775,56110301,0,83684700,36215604,0,0,269741338,5987745,0,0,163621,62941,0,0,0,73929282,1328153,6541717,0,0,4744632,26935,10636367,4935991,0,0,52857913,170770764,0,76788923,47801795,0,515961,0,23494422,0,54843781,0,0,145963241,0,1281856,0,0,2764890,24596469,225310921,0,0,0,0,54561083,9890357,204232126,947481815,11008873,35537457,0,0,218314275,0,556652,0,15351773
"65","2021-12-49",51748281062,14853132287,1644434923,84004.43,39307.75,35334.09,5507.98,0,4354165,0,56095,13741516,10079,123341,185770076,835816,419353,141117572,45155784,35750829,154135,8340428,497040341,1079776,3812391,62068725,229107,1087430,46054,589482,36253664,0,0,955135,823621500,0,2832349,1904143,0,4093,99313998,793725,216581215,0,58371,0,198522,118700661,0,0,282378,550142,0,3904671,3120320,13301469,71449474,516481,1895917,47060751,349735,32407439,82858,57962,41407074,97431683,57508612,17773942,0,5825757,302675,61635303,0,0,655857,4307958,365944134,165041,0,242172,6182627,421461424,0,164151,50318027,120921,40930,43245937,0,1685746,368424,807659,0,0,33552633,30837580,572973,5654446076,865808208,58094169,7880958,27115992,273604,44741145,332601199,4127011,399950750,160731,29411053,61668383,30783849,0,3314143,8053598,0,9020282,13927778,626669,605468,3545009,180967,13195053,3166033,1949406,589003,8549539,181355574,1980334,1620650,3055828,2186209,0,316478926,989897,0,11310861,1948600,0,24547579,6801754,0,378182,0,10431659,13274623,181108,27571828,8740663,0,7350443,0,0,29781527,0,415134211,2020110,21092090,0,3414571,161949844,0,0,105394827,63377307,0,0,481266178,6388237,0,54708,219630,95793,0,0,171043,173117230,0,13126577,82117,747044,0,27030,18722298,8658472,0,892093,90339804,300098279,219733,115401430,95686715,2782463,1813710,15288219,41267469,0,110142330,3118206,1592897,99083020,652294,1349188,0,73296,4871733,43604728,395108792,0,0,0,6525371,97693946,59342217,358294630,1671464000,19281425,90294207,96141,0,519189554,0,0,0,27372635
"66","2021-12-50",53329164489,15443930983,1864072306,83701.34,38657.35,35148.31,6650.1,0,5547618,7019879,56628,7246240,0,0,262311146,869750,420325,141876714,45612377,35899484,157232,8358178,521776060,1083978,4064247,62165991,229714,1363471,46194,0,26377435,0,0,1125993,826151285,18357,1214991,0,442769,6822,85285018,806176,219038925,604017,58569,446712,491181,119699471,0,37836418,0,734721,0,3922190,3306299,15645213,71785085,621472,1271941,47323065,397797,32953860,108945,58384,48420802,56034036,62048896,13376659,498282,5847477,646915,63479931,0,0,659250,4322678,366981196,167068,612673,242202,8992695,424875880,2651463,205578,51019206,40385,41064,44226108,0,1687180,385186,406072,120569,0,33743814,30985766,574254,5754476073,747089919,58569046,16120943,27152659,274098,45013398,334244932,4203733,500477017,161362,25516401,44374580,16618245,0,6638480,3507578,0,9081553,14689054,648817,784838,1796814,181855,13270196,3196661,2448599,0,9158601,181530458,1981429,843144,3061783,4437479,916524,324447841,0,0,15845577,1963208,0,49135076,14347507,0,387413,0,0,13292944,182049,11857209,4628897,0,16075181,0,836816,29860482,3120714,429030326,0,21126588,282571,3444261,166014159,0,0,148839689,63377307,0,7888314,494613600,6847793,0,54920,110496,33192,141356,24282,86396,173763920,1328153,6580756,82323,0,0,27086,18858489,8680822,176593,0,92621286,302661902,451182,192818255,111724681,4016849,520223,30777687,41475857,1002945,111193672,4374694,0,150457011,0,1366662,0,0,4905077,44448912,396116723,0,0,0,0,99840309,9890441,359557013,1686951229,19311824,91955760,100264,18393519,376591316,0,0,0,28016495
"67","2021-12-51",14344750076,4966618079,508047648,18178.32,8381.26,7773.96,1519.82,0,0,0,0,0,0,0,75289574,0,84264,40674776,13111802,10281831,0,2391742,0,155242,0,17776452,0,0,0,0,0,0,0,0,330889174,0,0,0,0,0,14225712,0,62943332,0,0,0,0,17157044,0,0,0,0,12841,0,0,2242791,0,103755,0,13563953,0,9509750,0,0,6923711,0,0,0,0,1674636,0,9165615,0,0,661452,0,52511805,169995,0,0,2615570,122107267,0,0,14708937,0,0,6388361,0,0,389157,0,0,0,9672188,12458974,0,1657539464,151775597,59126764,8271151,7765360,68542,12917227,95867208,1411447,100201445,0,8557143,17796611,5930258,0,3325463,0,0,2603785,2154301,0,0,1823248,26044,3805394,458702,490865,0,0,51891425,0,852496,437988,0,0,163622946,0,0,2264437,562874,0,24592087,7845444,0,0,0,0,0,182486,3966212,0,0,8811055,0,0,4272173,3121257,177584729,0,6041489,283915,0,0,0,0,42812334,18114571,0,0,143640379,0,0,0,110733,0,141424,0,0,49759186,0,0,0,0,0,0,5404172,1242137,179973,1088665,18674488,87122462,0,39010695,31935724,0,0,0,5939717,1186091,37218963,0,0,0,0,0,0,73609,1406372,6427305,113344476,0,0,0,8354808,28808826,0,51498034,483763421,5524275,18519076,102308,0,0,0,0,0,8114487
