"","location","date","total_vaccinations","people_vaccinated","people_fully_vaccinated","total_boosters","total_vaccinations_per_hundred","people_vaccinated_per_hundred","people_fully_vaccinated_per_hundred","total_boosters_per_hundred"
"1","World",2020-12-01,0,1,NA,NA,0,0,NA,NA
"2","World",2020-12-02,0,1,NA,NA,0,0,NA,NA
"3","World",2020-12-03,0,1,NA,NA,0,0,NA,NA
"4","World",2020-12-04,1,2,NA,NA,0,0,NA,NA
"5","World",2020-12-05,1,2,NA,NA,0,0,NA,NA
"6","World",2020-12-06,1,2,NA,NA,0,0,NA,NA
"7","World",2020-12-07,2,3,NA,NA,0,0,NA,NA
"8","World",2020-12-08,7,9,NA,NA,0,0,NA,NA
"9","World",2020-12-09,9,11,NA,NA,0,0,NA,NA
"10","World",2020-12-10,10,12,NA,NA,0,0,NA,NA
"11","World",2020-12-11,14,16,NA,NA,0,0,NA,NA
"12","World",2020-12-12,14,16,NA,NA,0,0,NA,NA
"13","World",2020-12-13,23945,20284,4292,NA,0,0,0,NA
"14","World",2020-12-14,28371,24571,4391,NA,0,0,0,NA
"15","World",2020-12-15,1608403,102380,4615,NA,0.02,0,0,NA
"16","World",2020-12-16,1772098,260621,5030,NA,0.02,0,0,NA
"17","World",2020-12-17,2049975,531462,5646,NA,0.03,0.01,0,NA
"18","World",2020-12-18,2470825,943501,6687,NA,0.03,0.01,0,NA
"19","World",2020-12-19,2653925,1122609,7676,NA,0.03,0.01,0,NA
"20","World",2020-12-20,2766965,1233709,8367,NA,0.04,0.02,0,NA
"21","World",2020-12-21,3181726,1641966,9524,NA,0.04,0.02,0,NA
"22","World",2020-12-22,3706156,2157896,11938,NA,0.05,0.03,0,NA
"23","World",2020-12-23,4397422,2837023,14190,NA,0.06,0.04,0,NA
"24","World",2020-12-24,4693733,3128279,15182,NA,0.06,0.04,0,NA
"25","World",2020-12-25,4753161,3187567,15274,NA,0.06,0.04,0,NA
"26","World",2020-12-26,4933196,3363978,15984,NA,0.06,0.04,0,NA
"27","World",2020-12-27,5194142,3627667,16630,NA,0.07,0.05,0,NA
"28","World",2020-12-28,5974737,4393444,19891,NA,0.08,0.06,0,NA
"29","World",2020-12-29,6963477,5371545,24933,1,0.09,0.07,0,0
"30","World",2020-12-30,8125841,6526856,31004,1,0.1,0.08,0,0
"31","World",2020-12-31,11852289,7218325,33818,1,0.15,0.09,0,0
"32","World",2021-01-01,12061091,7421908,39543,3,0.15,0.09,0,0
"33","World",2021-01-02,13245238,8605020,42292,3,0.17,0.11,0,0
"34","World",2021-01-03,13610622,8968562,44613,5,0.17,0.11,0,0
"35","World",2021-01-04,14745432,10039424,89691,5,0.19,0.13,0,0
"36","World",2021-01-05,16863930,11243066,177673,5,0.21,0.14,0,0
"37","World",2021-01-06,18424398,12487460,352257,5,0.23,0.16,0,0
"38","World",2021-01-07,20208524,13921624,633813,5,0.26,0.18,0.01,0
"39","World",2021-01-08,22099469,15308353,997379,6,0.28,0.19,0.01,0
"40","World",2021-01-09,27527823,15979443,1127256,7,0.35,0.2,0.01,0
"41","World",2021-01-10,30732917,19484010,1843458,7,0.39,0.25,0.02,0
"42","World",2021-01-11,32598433,20883868,2205042,8,0.41,0.27,0.03,0
"43","World",2021-01-12,34778287,22561537,2572425,8,0.44,0.29,0.03,0
"44","World",2021-01-13,38638366,24837485,2919597,8,0.49,0.32,0.04,0
"45","World",2021-01-14,41544853,27116163,3137376,10,0.53,0.34,0.04,0
"46","World",2021-01-15,44410220,29311776,3306240,10,0.56,0.37,0.04,0
"47","World",2021-01-16,46225300,30722297,3409151,10,0.59,0.39,0.04,0
"48","World",2021-01-17,47420623,31701034,3568473,11,0.6,0.4,0.05,0
"49","World",2021-01-18,49849282,33505350,3964857,12,0.63,0.43,0.05,0
"50","World",2021-01-19,52861812,35698877,4545801,13,0.67,0.45,0.06,0
"51","World",2021-01-20,61272102,38348503,5243904,14,0.78,0.49,0.07,0
"52","World",2021-01-21,64850820,41150475,5840340,15,0.82,0.52,0.07,0
"53","World",2021-01-22,68771925,44473438,6227092,15,0.87,0.56,0.08,0
"54","World",2021-01-23,71188785,46358297,6542160,16,0.9,0.59,0.08,0
"55","World",2021-01-24,72721430,47510685,6884822,16,0.92,0.6,0.09,0
"56","World",2021-01-25,75955873,49732258,7744875,17,0.96,0.63,0.1,0
"57","World",2021-01-26,79484500,52001678,8741071,20,1.01,0.66,0.11,0
"58","World",2021-01-27,91433718,54839676,9775519,20,1.16,0.7,0.12,0
"59","World",2021-01-28,96048883,58035999,10817633,20,1.22,0.74,0.14,0
"60","World",2021-01-29,100607059,61271578,11706803,20,1.28,0.78,0.15,0
"61","World",2021-01-30,103493876,63357046,12283701,20,1.31,0.8,0.16,0
"62","World",2021-01-31,106682540,64626010,12754605,20,1.35,0.82,0.16,0
"63","World",2021-02-01,110092728,66679783,13753147,21,1.4,0.85,0.17,0
"64","World",2021-02-02,113892810,68995480,14926894,50,1.45,0.88,0.19,0
"65","World",2021-02-03,125968399,71992174,16365510,50,1.6,0.91,0.21,0
"66","World",2021-02-04,131372525,75416760,17946904,51,1.67,0.96,0.23,0
"67","World",2021-02-05,136705594,79014661,19372032,53,1.74,1,0.25,0
"68","World",2021-02-06,139963441,81236360,20097380,55,1.78,1.03,0.26,0
"69","World",2021-02-07,141694239,82365606,20680474,55,1.8,1.05,0.26,0
"70","World",2021-02-08,145495962,84763098,21828690,55,1.85,1.08,0.28,0
"71","World",2021-02-09,159518338,87730625,23287651,63,2.03,1.11,0.3,0
"72","World",2021-02-10,165196627,91253947,24957853,63,2.1,1.16,0.32,0
"73","World",2021-02-11,170851984,94790271,26772751,66,2.17,1.2,0.34,0
"74","World",2021-02-12,177176270,101456659,28880335,68,2.25,1.29,0.37,0
"75","World",2021-02-13,181138557,103968651,29928474,68,2.3,1.32,0.38,0
"76","World",2021-02-14,183354918,105471578,30683770,68,2.33,1.34,0.39,0
"77","World",2021-02-15,187882327,108383416,31948611,68,2.39,1.38,0.41,0
"78","World",2021-02-16,192878032,111304117,33685993,85,2.45,1.41,0.43,0
"79","World",2021-02-17,198792919,114921555,35647794,86,2.52,1.46,0.45,0
"80","World",2021-02-18,205371099,118779456,37727413,87,2.61,1.51,0.48,0
"81","World",2021-02-19,210926271,124276940,40138447,89,2.68,1.58,0.51,0
"82","World",2021-02-20,214934164,126884466,41427222,93,2.73,1.61,0.53,0
"83","World",2021-02-21,217200387,128400702,42270550,96,2.76,1.63,0.54,0
"84","World",2021-02-22,221445371,130987392,43798042,101,2.81,1.66,0.56,0
"85","World",2021-02-23,227516192,136878246,47920355,104,2.89,1.74,0.61,0
"86","World",2021-02-24,234201506,141071629,50094599,108,2.97,1.79,0.64,0
"87","World",2021-02-25,241505352,145610800,52625885,112,3.07,1.85,0.67,0
"88","World",2021-02-26,248720028,150072447,55214817,116,3.16,1.91,0.7,0
"89","World",2021-02-27,253772355,153273583,56776595,119,3.22,1.95,0.72,0
"90","World",2021-02-28,268642443,155524524,57482207,135,3.41,1.97,0.73,0
"91","World",2021-03-01,274345600,159394459,59119908,139,3.48,2.02,0.75,0
"92","World",2021-03-02,285649791,167496459,62070389,146,3.63,2.13,0.79,0
"93","World",2021-03-03,294011963,173065607,64585049,147,3.73,2.2,0.82,0
"94","World",2021-03-04,303598817,179560540,67402103,153,3.86,2.28,0.86,0
"95","World",2021-03-05,312558728,185806109,70092902,159,3.97,2.36,0.89,0
"96","World",2021-03-06,319369725,190537931,72056990,162,4.06,2.42,0.92,0
"97","World",2021-03-07,323423092,193675513,72884761,162,4.11,2.46,0.93,0
"98","World",2021-03-08,331167715,199405494,74906800,166,4.21,2.53,0.95,0
"99","World",2021-03-09,339616874,205407244,77309776,186,4.31,2.61,0.98,0
"100","World",2021-03-10,349823970,212367146,80440684,195,4.44,2.7,1.02,0
"101","World",2021-03-11,359080020,218303831,83400817,197,4.56,2.77,1.06,0
"102","World",2021-03-12,369338849,225392784,86823248,197,4.69,2.86,1.1,0
"103","World",2021-03-13,376981833,231394207,89169515,201,4.79,2.94,1.13,0
"104","World",2021-03-14,393418679,234439888,90149116,204,5,2.98,1.14,0
"105","World",2021-03-15,403553139,241604302,93071112,207,5.12,3.07,1.18,0
"106","World",2021-03-16,413536466,248208667,96135107,211,5.25,3.15,1.22,0
"107","World",2021-03-17,424539421,255223323,99956193,216,5.39,3.24,1.27,0
"108","World",2021-03-18,435183415,262597170,103058383,221,5.53,3.33,1.31,0
"109","World",2021-03-19,448463348,271831775,106615726,224,5.69,3.45,1.35,0
"110","World",2021-03-20,467196800,278798164,108616731,226,5.93,3.54,1.38,0
"111","World",2021-03-21,471244420,281606692,109591469,227,5.98,3.58,1.39,0
"112","World",2021-03-22,487609584,289593187,112245428,235,6.19,3.68,1.43,0
"113","World",2021-03-23,501262767,297433637,115317151,241,6.37,3.78,1.46,0
"114","World",2021-03-24,516554339,306081689,118760196,246,6.56,3.89,1.51,0
"115","World",2021-03-25,533952794,314201305,122334176,252,6.78,3.99,1.55,0
"116","World",2021-03-26,553253735,323368170,126238732,258,7.03,4.11,1.6,0
"117","World",2021-03-27,567062026,329613143,128428449,260,7.2,4.19,1.63,0
"118","World",2021-03-28,576284008,333076106,129701267,264,7.32,4.23,1.65,0
"119","World",2021-03-29,592451016,340525596,133967149,272,7.52,4.32,1.7,0
"120","World",2021-03-30,607944262,348204082,137517663,285,7.72,4.42,1.75,0
"121","World",2021-03-31,628530846,359252961,142012437,294,7.98,4.56,1.8,0
"122","World",2021-04-01,650806612,369704054,146973702,306,8.26,4.69,1.87,0
"123","World",2021-04-02,670622101,378873658,150353606,316,8.52,4.81,1.91,0
"124","World",2021-04-03,682761001,385635948,152835865,325,8.67,4.9,1.94,0
"125","World",2021-04-04,693041011,391379321,154163008,327,8.8,4.97,1.96,0
"126","World",2021-04-05,707267192,399586732,157347628,341,8.98,5.07,2,0
"127","World",2021-04-06,725930840,410472503,162055673,371,9.22,5.21,2.06,0
"128","World",2021-04-07,745086238,421372810,167167555,397,9.46,5.35,2.12,0
"129","World",2021-04-08,769474078,434370277,172821904,417,9.77,5.52,2.19,0
"130","World",2021-04-09,790801248,444852937,178074785,485,10.04,5.65,2.26,0
"131","World",2021-04-10,807154358,454008319,182226946,502,10.25,5.77,2.31,0
"132","World",2021-04-11,818539925,460610797,184428476,508,10.39,5.85,2.34,0
"133","World",2021-04-12,837244277,470429637,188849333,559,10.63,5.97,2.4,0
"134","World",2021-04-13,854672399,479680566,193250932,660,10.85,6.09,2.45,0
"135","World",2021-04-14,874359060,490031047,198587723,869,11.1,6.22,2.52,0
"136","World",2021-04-15,893639491,499311758,204023805,1186,11.35,6.34,2.59,0
"137","World",2021-04-16,911301098,507779653,209170534,1522,11.57,6.45,2.66,0
"138","World",2021-04-17,924213031,514350775,212829345,1620,11.74,6.53,2.7,0
"139","World",2021-04-18,935307226,520399600,215732326,1662,11.88,6.61,2.74,0
"140","World",2021-04-19,951146814,528261390,220509187,2096,12.08,6.71,2.8,0
"141","World",2021-04-20,965865468,535870030,226824081,2632,12.27,6.8,2.88,0
"142","World",2021-04-21,985480312,544308474,232101243,3422,12.51,6.91,2.95,0
"143","World",2021-04-22,1007881309,553032069,238596110,4191,12.8,7.02,3.03,0
"144","World",2021-04-23,1026138671,560624263,244049333,4945,13.03,7.12,3.1,0
"145","World",2021-04-24,1037921626,564954745,247312731,5168,13.18,7.17,3.14,0
"146","World",2021-04-25,1055355762,573384034,251722627,5216,13.4,7.28,3.2,0
"147","World",2021-04-26,1072517140,580354167,257093814,5731,13.62,7.37,3.26,0
"148","World",2021-04-27,1093530953,588227740,263482585,6596,13.89,7.47,3.35,0
"149","World",2021-04-28,1119830442,598767850,270744164,7945,14.22,7.6,3.44,0
"150","World",2021-04-29,1144625238,607818380,278312946,9137,14.53,7.72,3.53,0
"151","World",2021-04-30,1170135785,615416956,284482541,10192,14.86,7.81,3.61,0
"152","World",2021-05-01,1183564072,619859181,288012733,10382,15.03,7.87,3.66,0
"153","World",2021-05-02,1194889935,623839990,290718979,10464,15.17,7.92,3.69,0
"154","World",2021-05-03,1209343667,629098927,295059604,11236,15.36,7.99,3.75,0
"155","World",2021-05-04,1229154842,636455543,301914374,12458,15.61,8.08,3.83,0
"156","World",2021-05-05,1249818649,644498504,309282641,13681,15.87,8.18,3.93,0
"157","World",2021-05-06,1274301952,653291799,316665487,15237,16.18,8.3,4.02,0
"158","World",2021-05-07,1301204689,662154920,324156172,16367,16.52,8.41,4.12,0
"159","World",2021-05-08,1320208256,667140951,328696610,16654,16.76,8.47,4.17,0
"160","World",2021-05-09,1334553149,672028988,331712693,16875,16.95,8.53,4.21,0
"161","World",2021-05-10,1357669493,680182683,337574170,17975,17.24,8.64,4.29,0
"162","World",2021-05-11,1382853738,689570877,345148890,19405,17.56,8.76,4.38,0
"163","World",2021-05-12,1410113231,698449831,351697120,20811,17.91,8.87,4.47,0
"164","World",2021-05-13,1436926105,706331361,357928097,21208,18.25,8.97,4.55,0
"165","World",2021-05-14,1462677152,713479768,363048169,22238,18.57,9.06,4.61,0
"166","World",2021-05-15,1485360409,719766251,367010793,22637,18.86,9.14,4.66,0
"167","World",2021-05-16,1508124006,725788637,370393343,22790,19.15,9.22,4.7,0
"168","World",2021-05-17,1535430832,733463535,375020279,24155,19.5,9.31,4.76,0
"169","World",2021-05-18,1564083372,742585617,380781469,25947,19.86,9.43,4.84,0
"170","World",2021-05-19,1592420852,751158066,386274401,28215,20.22,9.54,4.91,0
"171","World",2021-05-20,1626777982,761635268,392657252,30317,20.66,9.67,4.99,0
"172","World",2021-05-21,1657338106,769853362,398621553,32107,21.05,9.78,5.06,0
"173","World",2021-05-22,1684006312,778233516,403100271,32722,21.38,9.88,5.12,0
"174","World",2021-05-23,1707012670,784456348,406722043,32950,21.68,9.96,5.16,0
"175","World",2021-05-24,1737012763,793962724,410975115,33517,22.06,10.08,5.22,0
"176","World",2021-05-25,1770334394,802529457,415961710,35588,22.48,10.19,5.28,0
"177","World",2021-05-26,1806507218,812733254,421266189,37628,22.94,10.32,5.35,0
"178","World",2021-05-27,1839534346,822565681,426627571,39619,23.36,10.45,5.42,0
"179","World",2021-05-28,1872859868,832227962,431820764,41384,23.78,10.57,5.48,0
"180","World",2021-05-29,1903820806,841650185,435383796,41935,24.18,10.69,5.53,0
"181","World",2021-05-30,1932658825,848897194,439514075,42095,24.54,10.78,5.58,0
"182","World",2021-05-31,1970070227,857457683,444505852,43437,25.02,10.89,5.64,0
"183","World",2021-06-01,2008954174,868644356,451021560,45359,25.51,11.03,5.73,0
"184","World",2021-06-02,2050124879,880486837,457273362,47198,26.03,11.18,5.81,0
"185","World",2021-06-03,2085148803,891193951,462852356,48858,26.48,11.32,5.88,0
"186","World",2021-06-04,2124533578,904102568,468526593,50437,26.98,11.48,5.95,0
"187","World",2021-06-05,2155727560,912333621,473078865,51054,27.37,11.59,6.01,0
"188","World",2021-06-06,2182452802,920491984,477672054,51270,27.71,11.69,6.07,0
"189","World",2021-06-07,2214164833,930955645,483006145,52610,28.12,11.82,6.13,0
"190","World",2021-06-08,2249315153,944728603,490020225,54264,28.56,12,6.22,0
"191","World",2021-06-09,2287039545,958520536,497351707,55907,29.04,12.17,6.32,0
"192","World",2021-06-10,2326226902,1592530332,504278089,57505,29.54,20.22,6.4,0
"193","World",2021-06-11,2363116296,1604791244,510922669,58866,30.01,20.38,6.49,0
"194","World",2021-06-12,2392466380,1614629294,515799885,59357,30.38,20.5,6.55,0
"195","World",2021-06-13,2420631306,1624153191,520939948,59566,30.74,20.62,6.62,0
"196","World",2021-06-14,2449294884,1635076775,527422015,60887,31.1,20.76,6.7,0
"197","World",2021-06-15,2488798951,1647887190,535084168,62313,31.6,20.93,6.79,0
"198","World",2021-06-16,2530845653,1660396185,542595939,63656,32.14,21.08,6.89,0
"199","World",2021-06-17,2576213371,1675956745,550486682,64987,32.71,21.28,6.99,0
"200","World",2021-06-18,2619628872,1688599561,557230186,66238,33.27,21.44,7.08,0
"201","World",2021-06-19,2655926978,1698923248,562573144,66713,33.73,21.57,7.14,0
"202","World",2021-06-20,2689952706,1709454207,568075955,66843,34.16,21.71,7.21,0
"203","World",2021-06-21,2733386553,1726836564,574713285,67751,34.71,21.93,7.3,0
"204","World",2021-06-22,2777041161,1740980857,582414971,68945,35.26,22.11,7.4,0
"205","World",2021-06-23,2820994183,1752567582,589791040,70101,35.82,22.25,7.49,0
"206","World",2021-06-24,2869396291,1768018149,598186754,71390,36.44,22.45,7.6,0
"207","World",2021-06-25,2914734298,1782389884,605266498,72690,37.01,22.63,7.69,0
"208","World",2021-06-26,2955327017,1795260447,611456135,73245,37.53,22.8,7.76,0
"209","World",2021-06-27,2991105231,1820994642,619117982,73441,37.98,23.12,7.86,0
"210","World",2021-06-28,3029539209,1831407917,626407597,74469,38.47,23.26,7.95,0
"211","World",2021-06-29,3071450531,1845315247,635763064,76636,39,23.43,8.07,0
"212","World",2021-06-30,3109724856,1855811635,643790155,377591,39.49,23.57,8.18,0
"213","World",2021-07-01,3153821732,1873004173,651994808,640565,40.05,23.78,8.28,0.01
"214","World",2021-07-02,3188277857,1881724500,658510802,992008,40.49,23.9,8.36,0.01
"215","World",2021-07-03,3221021052,1894227691,666706710,1114902,40.9,24.05,8.47,0.01
"216","World",2021-07-04,3246587194,1904709182,673043348,1455438,41.23,24.19,8.55,0.02
"217","World",2021-07-05,3279653950,1918656951,683835328,1871715,41.65,24.36,8.68,0.02
"218","World",2021-07-06,3312367365,1930131527,691905473,2242705,42.06,24.51,8.79,0.03
"219","World",2021-07-07,3345937680,1943085142,701547746,2562430,42.49,24.67,8.91,0.03
"220","World",2021-07-08,3385188669,1959244289,713206927,2836628,42.99,24.88,9.06,0.04
"221","World",2021-07-09,3412031531,1968117751,720091983,2991863,43.33,24.99,9.14,0.04
"222","World",2021-07-10,3439759155,1979364558,727862475,3046303,43.68,25.13,9.24,0.04
"223","World",2021-07-11,3461650488,1987305783,734582023,3177891,43.96,25.24,9.33,0.04
"224","World",2021-07-12,3491816858,1998421047,744993841,3392553,44.34,25.38,9.46,0.04
"225","World",2021-07-13,3526099113,2012618821,754516478,3579484,44.78,25.56,9.58,0.05
"226","World",2021-07-14,3563427501,2026782487,764766841,3699455,45.25,25.74,9.71,0.05
"227","World",2021-07-15,3598857053,2040640912,775354831,5687593,45.7,25.91,9.85,0.07
"228","World",2021-07-16,3631871113,2053113741,784668095,5744298,46.12,26.07,9.96,0.07
"229","World",2021-07-17,3658936944,2062755964,792409930,5786406,46.46,26.19,10.06,0.07
"230","World",2021-07-18,3679409970,2068768140,798393105,5883937,46.72,26.27,10.14,0.07
"231","World",2021-07-19,3712769368,2082158439,808080467,5942936,47.15,26.44,10.26,0.08
"232","World",2021-07-20,3746097001,2094852741,816665254,5995699,47.57,26.6,10.37,0.08
"233","World",2021-07-21,3778929259,2104077779,825402150,6046858,47.99,26.72,10.48,0.08
"234","World",2021-07-22,3818209101,2117326544,835884752,6103063,48.49,26.89,10.61,0.08
"235","World",2021-07-23,3856243110,2129127148,845105193,6137095,48.97,27.04,10.73,0.08
"236","World",2021-07-24,3886230749,2138152372,852314762,6176271,49.35,27.15,10.82,0.08
"237","World",2021-07-25,3913768721,2146365265,860524939,6342625,49.7,27.26,10.93,0.08
"238","World",2021-07-26,3954750759,2163003355,872050659,6562500,50.22,27.47,11.07,0.08
"239","World",2021-07-27,3995325973,2175914517,882578365,6785105,50.73,27.63,11.21,0.09
"240","World",2021-07-28,4038007355,2190113165,892637038,7009523,51.28,27.81,11.34,0.09
"241","World",2021-07-29,4083906183,2205646019,904785296,7233004,51.86,28.01,11.49,0.09
"242","World",2021-07-30,4126782124,2220212732,914481231,7378322,52.4,28.19,11.61,0.09
"243","World",2021-07-31,4158551667,2230111069,920993949,7428697,52.81,28.32,11.7,0.09
"244","World",2021-08-01,4198259427,2245349334,928688189,7515636,53.31,28.51,11.79,0.1
"245","World",2021-08-02,4236926890,2256739644,936694292,7698420,53.8,28.66,11.89,0.1
"246","World",2021-08-03,4291985383,2279770262,949057069,7923199,54.5,28.95,12.05,0.1
"247","World",2021-08-04,4337819810,2297177999,959023156,8023340,55.08,29.17,12.18,0.1
"248","World",2021-08-05,4378636855,2312405973,968673751,8354095,55.6,29.36,12.3,0.11
"249","World",2021-08-06,4416445283,2325375346,976685538,8541363,56.08,29.53,12.4,0.11
"250","World",2021-08-07,4446910269,2336256042,983984401,8695192,56.47,29.67,12.5,0.11
"251","World",2021-08-08,4477562146,2348020543,991225198,8870910,56.86,29.82,12.59,0.11
"252","World",2021-08-09,4521032896,2368094708,1007561152,9140748,57.41,30.07,12.79,0.12
"253","World",2021-08-10,4560851271,2383100831,1019324894,9574898,57.92,30.26,12.94,0.12
"254","World",2021-08-11,4599012675,2398109387,1029837528,10030017,58.4,30.45,13.08,0.13
"255","World",2021-08-12,4633833174,2409459573,1818053260,10504287,58.84,30.6,23.09,0.13
"256","World",2021-08-13,4675800507,2428835763,1829010120,10832454,59.38,30.84,23.23,0.14
"257","World",2021-08-14,4705431145,2440279483,1837615526,11061092,59.75,30.99,23.33,0.14
"258","World",2021-08-15,4731556177,2451567348,1845721801,11300702,60.08,31.13,23.44,0.14
"259","World",2021-08-16,4773300236,2469827409,1856132274,11854774,60.61,31.36,23.57,0.15
"260","World",2021-08-17,4813520845,2485021480,1867960170,12515281,61.12,31.56,23.72,0.16
"261","World",2021-08-18,4851642504,2498346285,1878820840,13253679,61.61,31.73,23.86,0.17
"262","World",2021-08-19,4887438304,2510777993,1889827595,13818917,62.06,31.88,24,0.18
"263","World",2021-08-20,4927359850,2527667655,1902448148,14353196,62.57,32.1,24.16,0.18
"264","World",2021-08-21,4958168894,2539149699,1909439169,14591683,62.96,32.24,24.25,0.19
"265","World",2021-08-22,4987369411,2547786266,1917558298,14802113,63.33,32.35,24.35,0.19
"266","World",2021-08-23,5019487050,2556279363,1925874575,15356410,63.74,32.46,24.46,0.2
"267","World",2021-08-24,5065090033,2572916725,1940581514,15884092,64.32,32.67,24.64,0.2
"268","World",2021-08-25,5108723886,2589549086,1952941932,16403193,64.87,32.88,24.8,0.21
"269","World",2021-08-26,5150753081,3054256251,2077221803,16952708,65.41,38.78,26.38,0.22
"270","World",2021-08-27,5201581629,3074513380,2092661671,17402251,66.05,39.04,26.57,0.22
"271","World",2021-08-28,5237514664,3087530818,2101698989,17592510,66.51,39.21,26.69,0.22
"272","World",2021-08-29,5284656825,3106071336,2118234885,17788117,67.11,39.44,26.9,0.23
"273","World",2021-08-30,5319680974,3118619673,2128910507,18245334,67.55,39.6,27.03,0.23
"274","World",2021-08-31,5360591015,3133130003,2142145558,19136857,68.07,39.79,27.2,0.24
"275","World",2021-09-01,5406623237,3155154993,2157005025,19784498,68.66,40.07,27.39,0.25
"276","World",2021-09-02,5440007948,3168670741,2168435414,20409675,69.08,40.24,27.54,0.26
"277","World",2021-09-03,5467525493,3178694092,2177971502,20923639,69.43,40.36,27.66,0.27
"278","World",2021-09-04,5492791303,3186455842,2187120549,21084478,69.75,40.46,27.77,0.27
"279","World",2021-09-05,5523405392,3198654719,2198339962,21282134,70.14,40.62,27.92,0.27
"280","World",2021-09-06,5551430651,3232986028,2288372714,21675671,70.49,41.05,29.06,0.28
"281","World",2021-09-07,5587326694,3250267230,2300434090,22176033,70.95,41.27,29.21,0.28
"282","World",2021-09-08,5626853415,3268301280,2317673286,22684288,71.45,41.5,29.43,0.29
"283","World",2021-09-09,5664460129,3291872182,2333996014,23329399,71.93,41.8,29.64,0.3
"284","World",2021-09-10,5693835052,3304440203,2345516800,23871534,72.3,41.96,29.78,0.3
"285","World",2021-09-11,5727599712,3317842863,2357885342,24031680,72.73,42.13,29.94,0.31
"286","World",2021-09-12,5762547621,3333579311,2370030340,24266879,73.18,42.33,30.1,0.31
"287","World",2021-09-13,5794941934,3348207812,2382140983,24736046,73.59,42.52,30.25,0.31
"288","World",2021-09-14,5821688268,3358898974,2393505202,25272381,73.93,42.65,30.39,0.32
"289","World",2021-09-15,5853113973,3372206540,2448184649,25771747,74.33,42.82,31.09,0.33
"290","World",2021-09-16,5884831595,3386247427,2461145598,26243007,74.73,43,31.25,0.33
"291","World",2021-09-17,5910439778,3396643962,2471606993,26711549,75.05,43.13,31.39,0.34
"292","World",2021-09-18,5949025793,3424265939,2496084835,26912253,75.54,43.48,31.7,0.34
"293","World",2021-09-19,5974883999,3435856775,2506647455,27064373,75.87,43.63,31.83,0.34
"294","World",2021-09-20,6002993420,3448547283,2518318165,27551369,76.23,43.79,31.98,0.35
"295","World",2021-09-21,6033134720,3463448245,2531206723,28073907,76.61,43.98,32.14,0.36
"296","World",2021-09-22,6060289939,3475662788,2541837568,28657995,76.96,44.14,32.28,0.36
"297","World",2021-09-23,6093257760,3489816651,2554471473,29219097,77.38,44.32,32.44,0.37
"298","World",2021-09-24,6122053544,3502970060,2565893517,30596071,77.74,44.48,32.58,0.39
"299","World",2021-09-25,6142356851,3511890578,2574800950,30973274,78,44.6,32.7,0.39
"300","World",2021-09-26,6161352147,3519540430,2583567727,31297166,78.24,44.69,32.81,0.4
"301","World",2021-09-27,6209629719,3545227118,2602450328,32448483,78.85,45.02,33.05,0.41
"302","World",2021-09-28,6236748294,3554786861,2638099917,33688320,79.2,45.14,33.5,0.43
"303","World",2021-09-29,6268350065,3571516916,2648828807,34735386,79.6,45.35,33.64,0.44
"304","World",2021-09-30,6298034853,3586390378,2661672026,36895738,79.98,45.54,33.8,0.47
"305","World",2021-10-01,6320608188,3596923274,2671665088,38252658,80.26,45.68,33.93,0.49
"306","World",2021-10-02,6341018064,3606641110,2680537148,38997731,80.52,45.8,34.04,0.5
"307","World",2021-10-03,6364337533,3619794719,2689920678,39502751,80.82,45.97,34.16,0.5
"308","World",2021-10-04,6386913084,3629116789,2701413651,40741660,81.1,46.08,34.3,0.52
"309","World",2021-10-05,6420761370,3642186411,2718206911,43327301,81.53,46.25,34.52,0.55
"310","World",2021-10-06,6444399604,3652457524,2729351404,44936042,81.83,46.38,34.66,0.57
"311","World",2021-10-07,6468066090,3661215199,2741346831,46552164,82.13,46.49,34.81,0.59
"312","World",2021-10-08,6498960969,3674947389,2755958370,48159698,82.53,46.67,35,0.61
"313","World",2021-10-09,6519198076,3683229890,2765726985,49104158,82.78,46.77,35.12,0.62
"314","World",2021-10-10,6548735467,3696802977,2779372266,49612001,83.16,46.94,35.29,0.63
"315","World",2021-10-11,6568578140,3704481735,2789655621,50727667,83.41,47.04,35.42,0.64
"316","World",2021-10-12,6591518586,3713833500,2800554570,52052348,83.7,47.16,35.56,0.66
"317","World",2021-10-13,6614573561,3722496960,2810486172,53878609,83.99,47.27,35.69,0.68
"318","World",2021-10-14,6637402929,3732489170,2820178459,55556815,84.28,47.4,35.81,0.71
"319","World",2021-10-15,6656800441,3739187753,2828923715,57393500,84.53,47.48,35.92,0.73
"320","World",2021-10-16,6671121988,3745185657,2834532213,58434914,84.71,47.56,35.99,0.74
"321","World",2021-10-17,6697736646,3757709822,2845839270,59046491,85.05,47.72,36.14,0.75
"322","World",2021-10-18,6727593101,3769428507,2859725201,60625844,85.43,47.87,36.31,0.77
"323","World",2021-10-19,6755010923,3779784649,2872326696,62288633,85.78,48,36.47,0.79
"324","World",2021-10-20,6791011859,3796522077,2886013235,64186897,86.24,48.21,36.65,0.82
"325","World",2021-10-21,6817140000,3812322442,2897413289,66585764,86.57,48.41,36.79,0.85
"326","World",2021-10-22,6843905339,3822457663,2909168799,68794316,86.91,48.54,36.94,0.87
"327","World",2021-10-23,6870535806,3833744468,2940753504,70271059,87.25,48.68,37.34,0.89
"328","World",2021-10-24,6894262568,3842053611,2952783008,71048165,87.55,48.79,37.5,0.9
"329","World",2021-10-25,6915644360,3848341667,2961873285,74366664,87.82,48.87,37.61,0.94
"330","World",2021-10-26,6942508283,3857953696,2973107885,77079769,88.16,48.99,37.75,0.98
"331","World",2021-10-27,6966622587,3865269972,2982659618,80080137,88.47,49.08,37.88,1.02
"332","World",2021-10-28,6997267832,3876561745,2995400354,83077294,88.85,49.23,38.04,1.05
"333","World",2021-10-29,7034600820,3888689759,3016580336,85981728,89.33,49.38,38.31,1.09
"334","World",2021-10-30,7066534004,3899637115,3029877251,87571413,89.73,49.52,38.47,1.11
"335","World",2021-10-31,7099925133,3908444088,3046831963,88354573,90.16,49.63,38.69,1.12
"336","World",2021-11-01,7125076731,3916430346,3056504448,90107231,90.48,49.73,38.81,1.14
"337","World",2021-11-02,7151235718,3922893298,3065472004,92588501,90.81,49.81,38.93,1.18
"338","World",2021-11-03,7180394072,3930313160,3074881477,95827162,91.18,49.91,39.05,1.22
"339","World",2021-11-04,7213137694,3939635537,3084637006,98802615,91.6,50.03,39.17,1.25
"340","World",2021-11-05,7246609323,3949791338,3098130530,139938168,92.02,50.16,39.34,1.78
"341","World",2021-11-06,7274156930,3956179954,3104907915,141552009,92.37,50.24,39.43,1.8
"342","World",2021-11-07,7302421530,3964098505,3113638060,142637687,92.73,50.34,39.54,1.81
"343","World",2021-11-08,7331259271,3971063689,3122417921,145758855,93.1,50.43,39.65,1.85
"344","World",2021-11-09,7365146165,3980143110,3133670035,149264343,93.53,50.54,39.79,1.9
"345","World",2021-11-10,7404543219,3992618297,3145798687,152791178,94.03,50.7,39.95,1.94
"346","World",2021-11-11,7438542549,4009525859,3158635885,156520069,94.46,50.91,40.11,1.99
"347","World",2021-11-12,7471658775,4017132395,3172249243,171428411,94.88,51.01,40.28,2.18
"348","World",2021-11-13,7505314969,4025395629,3185425692,173440474,95.31,51.12,40.45,2.2
"349","World",2021-11-14,7532497998,4034100496,3196256586,174806138,95.65,51.23,40.59,2.22
"350","World",2021-11-15,7559303955,4039833476,3204765470,178582260,95.99,51.3,40.7,2.27
"351","World",2021-11-16,7586650986,4045846159,3213736865,182099189,96.34,51.38,40.81,2.31
"352","World",2021-11-17,7619374898,4053509067,3225450000,186276233,96.75,51.47,40.96,2.37
"353","World",2021-11-18,7650499082,4061373204,3238821314,190528527,97.15,51.57,41.13,2.42
"354","World",2021-11-19,7683499600,4194545116,3251313560,210959801,97.57,53.26,41.29,2.68
"355","World",2021-11-20,7718727933,4204525301,3264240551,213300698,98.02,53.39,41.45,2.71
"356","World",2021-11-21,7745933364,4210865688,3274183888,215446363,98.36,53.47,41.58,2.74
"357","World",2021-11-22,7775521004,4218477212,3285105775,219895012,98.74,53.57,41.72,2.79
"358","World",2021-11-23,7807472090,4226267545,3295807305,224316197,99.14,53.67,41.85,2.85
"359","World",2021-11-24,7845016844,4238177867,3309110993,228612088,99.62,53.82,42.02,2.9
"360","World",2021-11-25,7874174927,4245134883,3317999474,233037705,99.99,53.91,42.13,2.96
"361","World",2021-11-26,7909788723,4253383508,3330233312,237446517,100.44,54.01,42.29,3.02
"362","World",2021-11-27,7939937158,4260554719,3338788273,240941029,100.83,54.1,42.4,3.06
"363","World",2021-11-28,7978744781,4269916588,3352537723,243084448,101.32,54.22,42.57,3.09
"364","World",2021-11-29,8011703179,4280155602,3396235426,247285464,101.74,54.35,43.13,3.14
"365","World",2021-11-30,8052041500,4289257945,3409668672,252929576,102.25,54.47,43.3,3.21
"366","World",2021-12-01,8095182946,4300069087,3423132144,259019009,102.8,54.6,43.47,3.29
"367","World",2021-12-02,8135949237,4325407694,3470494940,265151952,103.31,54.93,44.07,3.37
"368","World",2021-12-03,8167532955,4331646063,3494247417,302753512,103.72,55.01,44.37,3.84
"369","World",2021-12-04,8205618130,4340725053,3507925981,307108489,104.2,55.12,44.55,3.9
"370","World",2021-12-05,8236265736,4347750207,3517480993,309760882,104.59,55.21,44.67,3.93
"371","World",2021-12-06,8265414066,4355726246,3526480480,315359176,104.96,55.31,44.78,4
"372","World",2021-12-07,8295161527,4361444233,3536067585,321198581,105.34,55.38,44.9,4.08
"373","World",2021-12-08,8332197132,4370567495,3549962912,327616331,105.81,55.5,45.08,4.16
"374","World",2021-12-09,8371612290,4381503095,3566079155,335106198,106.31,55.64,45.28,4.26
"375","World",2021-12-10,8422030230,4405859913,3611993233,368213050,106.95,55.95,45.87,4.68
"376","World",2021-12-11,8465969043,4416524021,3628822478,373284582,107.5,56.08,46.08,4.74
"377","World",2021-12-12,8496151431,4426085306,3642399249,378854362,107.89,56.2,46.25,4.81
"378","World",2021-12-13,8525668702,4430313958,3651118143,385500565,108.26,56.26,46.36,4.9
"379","World",2021-12-14,8569363322,4439549904,3665789060,393674962,108.82,56.38,46.55,5
"380","World",2021-12-15,8610884031,4448501700,3677812565,401913452,109.35,56.49,46.7,5.1
"381","World",2021-12-16,8642975916,4452980181,3685186295,410485886,109.75,56.55,46.8,5.21
"382","World",2021-12-17,8686435631,4461504140,3722201286,419036861,110.3,56.65,47.27,5.32
"383","World",2021-12-18,8719553909,4474004474,3731413287,427611724,110.72,56.81,47.38,5.43
"384","World",2021-12-19,8749957498,4478765857,3745760000,433684082,111.11,56.87,47.57,5.51
"385","World",2021-12-20,8778163075,4484724093,3752307540,438592556,111.47,56.95,47.65,5.57
