"","time","Afrique","Asie","Europe","Amérique du Nord","Oceanie","Amérique du Sud","daily_vaccinations_per_million","daily_people_vaccinated","daily_people_vaccinated_per_hundred","Afghanistan","Albania","Algeria","Andorra","Angola","Anguilla","Antigua and Barbuda","Argentina","Armenia","Aruba","Australia","Austria","Azerbaijan","Bahamas","Bahrain","Bangladesh","Barbados","Belarus","Belgium","Belize","Benin","Bermuda","Bhutan","Bolivia","Bonaire Sint Eustatius and Saba","Bosnia and Herzegovina","Botswana","Brazil","British Virgin Islands","Brunei","Bulgaria","Burkina Faso","Burundi","Cambodia","Cameroon","Canada","Cape Verde","Cayman Islands","Central African Republic","Chad","Chile","China","Colombia","Comoros","Congo","Cook Islands","Costa Rica","Cote d'Ivoire","Croatia","Cuba","Curacao","Cyprus","Czechia","Democratic Republic of Congo","Denmark","Djibouti","Dominica","Dominican Republic","Ecuador","Egypt","El Salvador","Equatorial Guinea","Estonia","Eswatini","Ethiopia","Faeroe Islands","Falkland Islands","Fiji","Finland","France","French Polynesia","Gabon","Gambia","Georgia","Germany","Ghana","Gibraltar","Greece","Greenland","Grenada","Guatemala","Guernsey","Guinea","Guinea-Bissau","Guyana","Haiti","Honduras","Hong Kong","Hungary","Iceland","India","Indonesia","Iran","Iraq","Ireland","Isle of Man","Israel","Italy","Jamaica","Japan","Jersey","Jordan","Kazakhstan","Kenya","Kiribati","Kuwait","Kyrgyzstan","Laos","Latvia","Lebanon","Lesotho","Liberia","Libya","Liechtenstein","Lithuania","Luxembourg","Macao","Madagascar","Malawi","Malaysia","Maldives","Mali","Malta","Mauritania","Mauritius","Mexico","Moldova","Monaco","Mongolia","Montenegro","Montserrat","Morocco","Mozambique","Myanmar","Namibia","Nauru","Nepal","Netherlands","New Caledonia","New Zealand","Nicaragua","Niger","Nigeria","Niue","North Macedonia","Norway","Oman","Pakistan","Palestine","Panama","Papua New Guinea","Paraguay","Peru","Philippines","Pitcairn","Poland","Portugal","Qatar","Romania","Russia","Rwanda","Saint Helena","Saint Kitts and Nevis","Saint Lucia","Saint Vincent and the Grenadines","Samoa","San Marino","Sao Tome and Principe","Saudi Arabia","Senegal","Serbia","Seychelles","Sierra Leone","Singapore","Sint Maarten (Dutch part)","Slovakia","Slovenia","Solomon Islands","Somalia","South Africa","South Korea","South Sudan","Spain","Sri Lanka","Sudan","Suriname","Sweden","Switzerland","Syria","Taiwan","Tajikistan","Tanzania","Thailand","Timor","Togo","Tokelau","Tonga","Trinidad and Tobago","Tunisia","Turkey","Turkmenistan","Turks and Caicos Islands","Tuvalu","Uganda","Ukraine","United Arab Emirates","United Kingdom","United States","Uruguay","Uzbekistan","Vanuatu","Venezuela","Vietnam","Wallis and Futuna","Yemen","Zambia","Zimbabwe","total","pourcentage_Afrique","pourcentage_Europe","pourcentage_Asie","pourcentage_Amérique_Nord","pourcentage_Amérique_Sud","pourcentage_Oceanie"
"1","2020-12-48",0,0,0,0,0,0,0,0,0,0,0,0,0,0,0,0,0,0,0,0,0,0,0,0,0,0,0,0,0,0,0,0,0,0,0,0,0,0,0,0,0,0,0,0,0,0,0,0,0,0,0,0,0,0,0,0,0,0,0,0,0,0,0,0,0,0,0,0,0,0,0,0,0,0,0,0,0,0,0,0,0,0,0,0,0,0,0,0,0,0,0,0,0,0,0,0,0,0,0,0,0,0,0,0,0,0,0,0,0,0,0,0,0,0,0,0,0,0,0,0,0,0,0,0,0,0,0,0,0,0,0,0,0,0,0,0,0,0,0,0,0,0,0,0,0,0,0,0,0,0,0,0,0,0,0,0,0,0,0,0,0,0,0,0,0,0,0,0,0,0,0,0,0,0,0,0,0,0,0,0,0,0,0,0,0,0,0,0,0,0,0,0,0,0,0,0,0,0,0,0,0,0,0,0,0,0,0,0,0,0,0,0,0,0,0,0,0,0,0,0,0,0,0,0,0,0,0,NA,NA,NA,NA,NA,NA
"2","2020-12-49",0,0,7,0,0,0,0,15,0,0,0,0,0,0,0,0,0,0,0,0,0,0,0,0,0,0,0,0,0,0,0,0,0,0,0,0,0,0,0,0,0,0,0,0,0,0,0,0,0,0,0,0,0,0,0,0,0,0,0,0,0,0,0,0,0,0,0,0,0,0,0,0,0,0,0,0,0,0,0,0,0,0,0,0,0,0,0,0,0,0,0,0,0,0,0,0,0,0,0,0,0,0,0,0,0,0,0,0,0,0,0,0,0,0,0,0,0,0,0,0,0,0,0,0,0,0,0,0,0,0,0,0,0,0,0,0,0,0,0,0,0,0,0,0,0,0,0,0,0,0,0,0,0,0,7,0,0,0,0,0,0,0,0,0,0,0,0,0,0,0,0,0,0,0,0,0,0,0,0,0,0,0,0,0,0,0,0,0,0,0,0,0,0,0,0,0,0,0,0,0,0,0,0,0,0,0,0,0,0,0,0,0,0,0,0,0,0,0,0,0,0,0,0,0,0,0,7,0,100,0,0,0,0
"3","2020-12-50",0,72,20381,597173,0,0,3680,1196715,0.307,0,0,0,0,0,0,0,0,0,0,0,0,0,0,0,0,0,0,0,0,0,0,0,0,0,0,0,0,0,0,0,0,0,0,0,9952,0,0,0,0,0,750000,0,0,0,0,0,0,0,0,0,0,0,0,0,0,0,0,0,0,0,0,0,0,0,0,0,0,0,0,0,0,0,0,0,0,0,0,0,0,0,0,0,0,0,0,0,0,0,0,0,0,0,0,0,0,0,0,0,0,0,0,0,0,0,0,0,0,2,0,0,0,0,0,0,0,0,0,0,0,0,0,0,0,0,0,0,0,0,0,0,0,0,0,0,0,0,0,0,0,0,0,0,0,0,22,0,0,0,0,0,0,0,0,0,0,0,0,0,13428,0,0,0,0,0,0,0,0,0,0,0,0,0,0,0,0,0,0,0,0,0,0,0,0,0,0,0,0,0,0,0,0,0,0,0,0,0,0,0,0,0,0,0,0,0,0,0,589657,0,0,0,0,0,0,0,0,0,617626,0,3,0,97,0,0
"4","2020-12-51",0,172216,25438,1918918,0,8744,48610,4322294,4.565,0,0,0,0,0,0,0,0,0,0,0,0,0,0,21092,0,0,0,0,0,0,0,0,0,0,0,0,0,0,0,0,0,0,0,0,29652,0,0,0,0,8744,1312500,0,0,0,0,480,0,0,0,0,0,0,0,0,0,0,0,0,0,0,0,0,0,0,0,0,0,0,0,0,0,0,0,0,0,0,0,0,0,0,0,0,0,0,0,0,0,0,0,0,0,0,0,0,0,209339,0,0,0,0,0,0,0,0,0,0,0,18,0,0,0,0,0,0,0,0,0,0,0,0,0,0,0,0,2600,0,0,0,0,0,0,0,0,0,0,0,0,0,0,0,0,0,0,0,69,0,0,0,0,0,0,0,0,0,0,0,5404,0,115847,0,0,0,0,0,0,0,0,0,0,0,0,0,0,0,0,0,0,0,0,0,0,0,0,0,0,0,846,0,0,0,0,0,0,0,0,0,0,0,0,0,0,0,0,0,0,0,1888306,0,0,0,0,0,0,0,0,0,2125316,0,1,8,90,0,0
"5","2020-12-52",0,880866,156755,1717307,0,13829,115905,5040508,10.221,0,0,0,0,0,0,0,31312,0,0,0,5422,0,0,13565,0,0,1209,513,0,0,0,0,0,0,0,0,0,0,0,4366,0,0,0,0,32143,0,1375,0,0,8998,937500,0,0,0,0,1200,0,1105,0,0,0,10941,0,0,0,0,0,0,0,0,0,1797,0,0,0,0,0,0,1809,0,0,0,0,142475,0,0,1899,0,0,0,0,0,0,0,0,0,0,18606,63,0,0,0,0,1343,0,421119,13624,0,0,0,0,0,0,0,3363,0,0,963,0,0,0,0,0,9955,1019,0,0,0,0,0,0,0,0,0,13459,0,126,0,0,0,0,0,0,0,0,0,0,0,0,0,0,0,0,0,1006,4909,0,0,0,0,0,0,0,0,36650,25966,6755,5905,312296,0,0,0,0,0,0,0,0,0,0,0,0,0,0,0,0,5654,0,0,0,0,0,0,0,0,0,0,2845,0,0,0,0,0,0,0,0,0,0,0,0,0,0,0,0,0,0,0,1673417,0,0,0,0,0,0,0,0,0,2768757,0,6,32,62,0,0
"6","2021-01-00",0,1099683,251082,870794,0,9683,61077,2761861,5.029,0,0,0,0,0,0,0,19846,0,0,0,1634,0,0,2478,0,0,806,278,0,0,0,0,0,0,0,0,0,0,0,1806,0,0,0,0,16836,0,550,0,0,537,508929,0,0,0,0,480,0,2210,0,0,0,4200,0,0,0,0,0,0,0,0,0,843,0,0,0,0,0,0,834,0,0,0,0,84452,0,0,1079,0,0,0,0,0,0,0,0,0,0,12404,126,0,0,0,0,1523,0,237384,22868,0,0,0,0,0,0,0,2242,0,0,660,0,0,0,0,0,2691,375,0,0,0,0,0,0,0,0,0,8458,0,252,0,0,0,0,0,0,0,0,0,0,0,0,0,0,0,0,0,663,2392,0,0,0,0,0,0,0,0,21427,10188,2702,4184,136000,0,0,0,0,0,0,0,0,0,0,0,0,0,0,0,0,2062,0,0,0,0,0,0,0,0,0,0,1566,0,0,0,0,0,0,0,0,0,0,0,0,0,0,0,0,0,0,0,847651,0,0,0,0,0,0,0,0,0,2231242,0,11,49,39,0,0
"7","2021-01-01",0,3942745,1878381,4143717,0,45502,279252,12599149,22.829,0,0,0,0,0,0,0,60864,0,0,0,9089,0,0,12755,0,0,2821,10738,0,0,0,0,0,0,0,0,0,0,0,5645,0,0,0,0,114048,0,1925,0,0,1494,3053571,0,0,0,0,5438,0,10945,0,0,1602,22048,0,0,0,0,0,0,0,0,0,5014,0,0,0,0,0,26592,38679,0,0,0,0,318591,0,0,20338,0,0,0,0,0,0,0,0,0,0,43414,441,0,0,0,0,19744,0,836068,328877,0,0,0,0,0,0,0,7847,0,0,3048,0,0,0,0,4,7697,522,0,0,0,0,0,0,0,0,0,32648,0,882,0,0,0,0,0,0,0,0,0,0,0,0,0,0,0,0,0,11759,8563,0,0,0,0,0,0,0,0,120852,33256,9457,52001,276727,0,0,0,0,0,0,0,0,40476,0,1150,0,0,0,0,20645,12024,0,0,0,0,0,239604,0,0,0,55902,18893,0,0,0,0,0,0,0,0,0,0,0,0,0,0,0,0,0,117628,0,3991452,0,0,0,0,0,0,0,0,0,10010345,0,19,39,41,0,0
"8","2021-01-02",4267,6121149,6085800,7043309,0,98296,730785,23156579,62.351,0,381,0,0,0,0,0,95140,0,0,0,57015,0,0,36929,0,0,2821,63613,0,0,1668,0,0,0,0,0,0,0,0,7610,0,0,0,0,236479,0,1925,0,0,5109,2897959,0,0,0,0,13518,0,17843,0,0,4246,56393,0,0,0,0,0,0,0,0,0,8157,0,0,0,0,0,31024,238694,0,0,0,0,462684,0,5857,41324,0,0,0,0,0,0,0,0,0,0,43414,441,191181,52800,0,0,56908,0,517330,579708,0,0,0,10908,0,0,0,7847,0,0,7066,0,0,0,0,20,20960,1349,0,0,0,0,0,0,0,0,0,182600,0,882,0,0,0,0,0,0,0,0,0,43204,0,0,0,0,0,0,0,24449,8548,0,0,0,0,0,0,0,0,201865,50079,9457,93078,187580,0,0,0,0,0,0,0,0,108394,0,12882,4267,0,21009,0,36491,17678,0,0,0,0,0,408395,0,0,0,65219,45231,0,0,0,0,0,0,0,0,0,0,0,813412,0,1872,0,0,0,560274,1379995,6612298,0,0,0,0,0,0,0,0,0,19352821,0,31,32,36,1,0
"9","2021-01-03",10484,6828815,5745985,8115376,0,320736,945889,28449417,72.944,0,311,0,0,0,0,0,82511,0,0,0,101465,19500,0,52637,0,0,2821,111851,0,0,1557,0,0,0,0,0,279296,0,0,6710,0,0,0,0,269710,0,1925,0,0,36982,4940857,0,0,0,0,14461,0,21219,0,0,6389,81119,0,0,0,0,0,6165,0,0,0,7350,0,0,0,0,0,42664,528889,0,0,0,0,611026,0,4281,51483,0,0,0,0,0,0,0,0,0,0,39195,1933,1164801,91746,0,0,49415,228,973190,398856,0,0,0,19089,0,0,0,7847,0,0,6460,0,0,0,0,224,27018,3242,0,0,0,0,0,0,7400,0,0,297904,0,1242,0,0,0,0,0,0,0,0,0,69572,0,0,0,0,0,0,0,31222,7091,0,0,5958,0,0,0,0,0,240517,86715,9457,158364,559460,0,0,0,0,0,0,0,0,105147,0,57395,10484,0,37608,0,40142,17645,0,0,0,0,0,445632,0,0,0,87268,78061,0,0,0,0,0,0,0,0,0,0,0,934225,0,2184,0,0,0,739564,2111264,7529474,0,0,0,0,0,0,0,0,0,21021396,0,27,32,39,2,0
"10","2021-01-04",25145,11279660,6685169,9842504,0,1238750,1203163,33833007,85.246,0,49,30,330,0,0,0,68318,0,0,0,64634,22750,0,53984,3190,0,2821,110602,0,0,1665,0,0,0,0,0,1138948,0,0,10362,0,0,0,0,199350,0,1925,0,0,14824,6741336,0,0,0,0,15767,0,17032,0,0,7666,80390,0,0,0,0,0,5366,1314,0,0,9747,0,0,83,0,0,57463,629216,0,0,0,0,652634,0,4096,102783,231,0,0,3624,0,0,0,0,0,0,62787,7635,1717312,203331,0,0,45049,2236,1264210,377316,0,0,0,13181,0,0,0,16244,0,0,3520,0,0,0,0,361,16913,4335,0,0,0,0,0,0,8130,0,150,117676,0,2034,0,0,0,90000,0,88033,0,0,75448,143998,0,0,0,0,0,0,0,38873,7444,0,0,6830,0,0,0,0,0,380734,104384,10716,255432,619766,0,0,0,0,0,0,0,0,69174,0,272211,12406,0,62969,0,40646,16150,0,0,0,0,0,374682,24198,0,0,105792,115252,0,0,0,0,0,0,0,0,0,0,0,567958,0,2184,0,0,0,628235,2558580,9500030,0,0,0,0,0,0,0,0,0,29071228,0,23,39,34,4,0
"11","2021-01-05",19979,2078749,1019332,1511213,0,221412,184192,5061803,11.974,0,0,1889,66,0,0,0,11299,0,0,0,7001,3250,0,7712,1949,0,403,13241,0,0,326,0,0,0,0,0,210024,0,0,2140,0,0,0,0,20478,0,275,0,0,297,651673,0,0,0,0,1555,0,2045,0,0,1102,10257,0,0,0,0,0,469,604,0,0,1805,0,0,83,0,0,8073,83277,0,0,0,0,92067,0,421,16075,77,0,0,604,0,0,0,0,0,0,20434,417,306191,52348,0,0,7730,508,164168,80797,0,0,0,1250,0,0,0,5320,0,0,689,0,0,0,0,66,3726,671,0,0,0,0,0,0,1111,0,30,6243,0,294,0,0,0,42000,0,34200,0,0,18862,27139,0,0,0,0,0,0,0,7054,711,0,0,505,0,0,0,0,0,67061,11582,2609,35019,88538,0,0,0,0,0,0,0,0,6047,0,34158,2079,0,10547,0,6693,2574,0,0,0,0,0,53095,19718,0,0,13043,17956,0,0,0,0,0,0,0,0,0,0,0,105941,0,312,0,0,0,120911,392361,1480829,0,0,0,0,0,0,0,0,0,4850685,0,21,43,31,5,0
"12","2021-02-05",281601,12158348,6560744,9514822,1016,1598468,1217974,30644176,70.938,0,118,18427,314,0,298,0,82429,0,0,0,64444,19500,0,46272,16277,0,2418,100605,0,0,2915,0,7222,0,0,0,1276838,0,0,14039,0,0,0,0,99281,0,1755,0,0,234800,7742457,0,0,0,0,10606,0,13150,0,0,6414,64694,0,0,0,0,0,4206,11711,0,0,12578,0,0,498,0,0,48056,493672,740,0,0,0,662883,0,4161,104657,462,0,0,3624,0,0,0,0,0,0,119722,1235,1729794,358413,0,0,51694,3168,720890,528214,0,0,0,9205,7638,0,0,41160,0,0,6267,0,0,0,0,190,26268,4253,0,0,0,0,4484,0,7604,0,602,28731,0,1764,0,0,0,308439,0,234813,0,0,105179,177812,276,0,0,0,0,0,0,64765,1443,13616,0,3261,0,0,0,0,0,396501,86394,23200,169538,531228,0,225,0,0,0,0,0,0,16341,0,126442,9116,0,65329,0,51899,15704,0,0,0,0,0,397655,130914,0,0,82129,95708,0,0,0,0,0,0,0,0,0,0,0,649820,0,1872,0,0,0,821879,2574383,9367815,0,0,0,0,0,0,0,0,0,30114999,1,22,40,32,5,0
"13","2021-02-06",534407,15742863,7836721,12517724,2010,2852989,2031947,39785172,127.584,0,526,26236,308,0,1043,0,132740,0,0,0,109546,49464,0,53984,333165,0,2821,143674,0,0,3326,0,6029,0,1148,0,1611531,0,0,16851,0,0,2134,0,156827,0,3375,0,0,1057346,10282256,0,0,0,0,18605,0,17620,0,0,9761,92940,0,0,0,410,0,2522,20405,0,0,15257,0,0,758,1134,0,55899,673916,1435,0,0,0,842497,0,5863,124239,539,58,0,4195,0,0,334,0,0,0,81292,1659,2396583,492802,9227,0,42593,3161,752084,538178,0,0,0,12726,8638,0,0,49000,0,0,6296,0,0,0,0,201,30114,4895,1835,0,0,0,18844,0,12583,0,1561,33827,0,2058,0,0,215,522682,0,148936,0,0,107000,218112,575,0,0,0,0,0,0,93572,4820,24038,0,3864,0,0,75110,0,0,451862,80873,30002,200060,619766,0,525,0,0,0,0,0,0,2857,0,186528,11250,0,70276,0,70532,19925,0,0,0,0,0,462848,49747,0,0,108022,116270,0,0,0,0,0,0,0,0,0,0,0,629360,0,2184,0,0,0,935523,3055540,12296867,0,0,0,0,0,0,0,0,0,39486714,1,20,40,32,7,0
"14","2021-02-07",1257395,11031406,8331361,12400057,2966,3142143,2328915,45479333,157.726,0,1467,28897,594,0,2160,3580,88894,0,0,0,106418,69503,0,53984,1202414,11589,2843,132687,0,0,3658,0,605,0,4018,0,1754581,0,0,22508,0,0,13691,0,188556,0,2634,0,0,1168673,4816090,31602,0,0,0,16357,0,27484,0,0,12032,100938,0,0,0,1435,8018,12896,20405,3600,0,16020,0,0,397,986,0,68441,803701,2332,0,0,0,887589,0,5681,147007,539,380,0,2625,0,0,1174,0,0,0,106179,3953,2393589,516087,9296,0,59838,2805,875783,459865,0,5347,0,12726,5373,0,0,52879,0,0,7161,9307,0,0,0,518,31848,7079,1502,0,0,0,34555,0,12896,0,4174,422092,0,2058,0,0,301,1217441,0,85554,0,0,106652,235631,1240,76,0,0,0,0,756,87513,13817,26515,0,15850,0,0,108069,0,0,515812,148210,32879,265906,619766,20850,525,0,524,0,0,0,0,58798,0,397838,13437,0,88750,0,79255,23809,0,0,7039,0,0,483995,52081,0,0,133988,132001,0,0,0,0,0,0,0,0,0,315,0,2269875,0,2184,0,0,0,625794,2879763,11736242,0,0,0,93,0,0,0,0,850,36165328,3,23,31,34,9,0
"15","2021-02-08",1061878,9311348,9154704,13503656,21343,2657463,2229651,48348074,164.758,6835,6339,116683,422,0,675,6265,176277,0,0,28932,107297,69503,0,53984,1077117,16914,3109,123808,0,0,4271,0,5829,0,4018,0,1605746,0,0,78085,0,0,36657,0,324764,0,3621,0,0,651219,4421053,62383,0,0,0,18184,0,47959,0,0,17304,101529,0,71255,0,2696,24692,31834,20405,11821,0,22548,0,0,873,204,0,92538,811272,2219,0,0,0,1021872,0,5851,183939,539,1607,2224,879,0,0,1993,0,0,5353,214835,7222,3124223,504775,24131,0,84805,3534,867673,651648,0,19322,0,50120,6878,0,0,61411,0,0,13379,18764,0,0,0,690,44984,7394,6248,0,0,7723,35371,0,13587,0,20111,836862,0,2058,5705,1526,267,948558,0,85554,0,0,223151,303976,1889,2567,0,0,0,0,1323,98445,12825,58519,0,49140,0,1727,129575,0,0,604514,168996,67408,222233,619766,29190,525,1570,917,0,0,0,0,159541,16583,243166,11211,0,102164,0,74595,27539,0,0,40834,1755,0,627918,159028,0,1840,155792,135191,0,0,0,0,0,0,0,0,0,542,0,2351373,0,2184,0,0,3619,473877,2498383,12219700,0,0,0,2759,0,0,0,0,8422,35710392,3,26,26,38,7,0
"16","2021-02-09",178645,2997699,1497647,2314564,6397,352958,349949,7606926,26.729,1367,1054,22369,72,0,89,895,43534,0,0,4944,18264,9929,0,7712,130715,3153,455,18118,0,0,648,0,2786,0,574,0,205292,0,0,13299,0,0,5949,0,56289,0,544,0,0,66226,631579,12964,0,0,0,6041,0,6886,0,0,3133,15357,0,17307,0,675,5574,4456,2915,1827,0,3428,0,0,174,17,0,14718,121193,286,0,0,0,165768,0,911,29466,77,397,775,228,0,0,493,0,0,3442,40354,871,459442,99865,3806,0,12707,566,106707,115590,0,3009,0,11549,2247,0,0,8810,0,0,2419,3895,0,0,0,112,7023,1001,1581,0,0,4655,5200,0,2172,0,3242,109420,0,294,1286,175,26,168763,0,12222,0,0,44361,48199,341,935,0,0,0,0,189,15323,1816,13196,0,10190,0,220,17204,0,0,88742,27094,11000,21950,88538,4170,75,314,131,0,0,120,0,36008,4503,29426,2030,0,15004,0,10863,4108,0,0,7877,1384,0,105588,18226,0,368,22416,19727,0,0,0,0,160,0,0,0,0,101,0,282292,0,312,0,0,746,66588,391872,2127032,15,0,0,1036,0,0,0,0,2541,7347910,2,20,41,31,5,0
"17","2021-03-09",1061472,19705027,12581257,15222934,49073,3132843,2227993,55471255,168.324,12687,5769,134214,585,4405,460,5370,348645,0,0,38914,129702,77151,0,46272,663933,15236,2730,128170,1229,0,4245,0,36665,0,3444,0,1704183,0,0,72163,0,0,72526,0,386293,0,3611,0,0,769025,4564737,117370,0,0,0,49064,2060,41331,0,0,17081,125844,0,105079,0,4710,149531,33393,17490,5579,0,24817,0,0,644,84,0,92982,839980,1827,0,0,0,1156790,144465,5800,169803,541,2343,5998,2322,0,0,3282,0,1656,45095,309378,5975,4107405,912772,22836,4775,75140,3737,551875,852882,0,17044,0,35471,19512,1334,0,52860,0,0,15523,23145,0,0,0,432,47272,6756,7172,0,0,73009,33224,0,13868,0,19452,534145,520,1708,7974,879,117,934876,0,73332,0,0,266166,267532,2255,7940,7005,0,1454,0,1134,97555,11457,79176,0,55256,0,572,84913,14488,0,541402,163357,66000,168772,888529,36402,450,1884,1549,0,0,1421,0,380992,33744,177426,6490,0,85135,0,71827,27012,0,0,35094,166681,0,703674,196356,0,2208,148797,124839,330,0,0,0,13768,0,0,0,0,602,0,1403719,248214,1872,0,0,8807,316419,2195722,13993631,68503,0,0,6747,0,0,0,0,16716,51752606,2,24,38,29,6,0
"18","2021-03-10",1440938,15148929,14317299,19371294,78503,5533730,2801277,78712053,210.177,20034,6079,156583,1956,13457,497,6265,624960,0,0,64686,191326,91645,0,35501,644384,5767,3484,186649,3263,0,4293,0,69127,0,4018,0,2456850,0,0,60718,0,0,125025,0,550307,0,5846,0,0,1721760,6230000,315182,0,0,0,51831,6918,52152,0,0,17227,223647,0,119396,0,3722,342601,72270,20405,3703,0,36112,0,0,1192,98,0,118351,1481139,3201,0,1124,0,1658216,216033,4726,199288,786,2373,14067,4888,0,0,3829,0,1932,81102,411088,7793,8336385,1506215,26642,6685,92065,4477,601666,1266696,9680,111056,0,21056,24171,5199,0,70035,0,0,17821,28115,1640,0,0,681,59448,9963,7042,0,0,148208,45831,0,21906,0,22694,839759,4585,1337,29567,1289,163,907436,46440,85554,0,0,310527,288946,3336,8018,9807,0,5089,0,1323,111165,13944,92372,0,80024,0,2771,152518,102239,0,607164,162559,100429,321281,1327369,150143,525,2198,10624,0,0,2625,0,624769,38881,255860,5482,0,114409,0,95373,40970,0,0,38738,325702,0,902556,149856,4977,2576,203772,153582,462,0,0,0,26612,0,11224,0,0,665,743,1108134,289583,2184,0,1318,22435,231921,2420841,17471363,99390,0,0,2233,4076,0,0,0,8984,55890693,3,26,27,35,10,0
"19","2021-03-11",1721964,34408732,13253361,20829667,114923,6310504,3045628,87512921,214.087,20232,12347,156583,3731,30376,449,5122,856468,0,0,93806,263711,45683,1160,77800,540017,6227,13351,243306,8266,0,3807,0,28068,0,4018,0,2484943,0,0,38504,0,0,142756,0,796531,728,6582,0,0,1990291,8548001,512062,0,0,0,44557,11409,63100,0,0,16240,263376,0,99932,0,1477,179621,99689,20405,13408,1720,41969,0,0,707,98,699,125676,1481984,5992,0,1967,1968,1649255,130466,5140,158220,791,1801,33361,3151,0,0,3955,0,17341,123656,364983,5491,11842552,1813570,29593,6685,74929,6210,529192,1206114,15493,285162,5580,45455,34526,17768,0,88440,0,10191,12018,39779,2870,0,0,633,53089,14707,7737,0,13468,144779,39900,0,24379,0,22694,1336457,8533,1156,108790,2396,312,1308459,27566,85554,44,0,305030,244727,5989,9950,9807,0,67688,0,1286,80393,12852,132196,0,52661,0,9137,217081,153098,0,517002,165554,141460,350396,852653,85670,544,2057,6041,630,0,2986,2830,907802,60054,290507,3502,5820,209715,0,122181,43751,0,0,42576,163290,0,720387,53837,11613,2907,201665,150073,462,0,0,0,34798,0,19642,0,0,665,6960,1675343,289583,2184,0,9136,49634,466239,3263343,18313235,105839,0,0,644,20626,0,0,0,4141,76639151,2,17,45,27,8,0
"20","2021-03-12",1610723,47623539,14530800,21789387,218491,6375276,3289365,100539095,222.175,20941,20729,156583,1519,43489,222,1467,634169,0,0,189141,246095,40618,3151,95393,440942,6239,17997,307028,6140,0,4123,85949,65867,0,4018,3236,3327817,0,0,50397,0,0,117894,0,1010857,2571,6034,0,0,1455025,18332958,398557,0,0,0,72755,9044,56787,0,0,16128,244438,0,102052,0,1314,109911,103086,20405,21711,3010,31835,0,0,431,122,1631,120271,1541130,5306,165,1967,2296,1748055,90356,5565,174960,791,881,28877,2275,0,0,8128,0,22526,152172,440234,7386,15765896,2800559,126972,6685,98520,8913,322283,1345511,12939,302319,6662,84731,76646,47814,0,82222,0,23779,15369,43304,2870,0,0,864,59668,13358,8682,0,53933,143626,9919,0,27460,228,21722,1327076,9535,1196,95024,5770,150,835766,14589,85554,241,0,123629,262202,6731,16324,9807,0,230351,0,1146,93405,17927,185297,0,47497,0,11923,178763,272376,0,642754,206318,133471,365787,1522549,30699,967,1125,1549,1216,0,2791,4513,1017112,50935,147236,5653,7675,268395,0,138939,39618,500,0,42672,107729,0,812987,52477,11613,8014,185176,164151,462,10082,0,0,38127,0,19561,0,0,665,22784,1836567,289583,2184,0,30796,73535,762832,4084394,19105659,176220,0,0,2341,16443,1088,0,0,15200,92148216,2,16,52,24,7,0
"21","2021-03-13",1332256,30993959,10427140,13847395,191949,4411670,2524854,59661210,172.183,12000,33666,89476,788,31892,80,356,296558,0,2556,170371,147520,124567,2727,44206,214577,826,12451,177382,2687,0,2417,347386,51995,0,2296,6472,2653622,0,0,39695,0,0,78037,0,711185,1539,3673,0,0,691069,17887472,430038,0,0,0,40207,6067,34303,0,1778,9168,135171,0,68642,0,1039,66704,61164,39667,17958,1810,17683,3377,0,642,384,932,65992,1106273,3380,132,1582,1792,1223539,33682,2917,94596,452,283,14740,1300,0,0,5728,0,2984,54576,323442,7735,7466921,1415301,74232,8146,91336,5147,106618,972208,5953,141446,4140,60161,47876,48966,0,40031,216,13588,13698,27712,1640,0,0,655,43600,8189,5711,0,48964,99402,7403,214,20432,912,9407,812442,9379,696,34435,6589,68,546926,21801,48888,610,0,23528,201506,3615,13744,5604,204,219126,0,648,78111,11597,105884,5124,27034,14,14235,69778,141977,0,505417,160527,86647,227832,1276932,4386,393,512,670,539,0,1583,2925,491799,38333,109185,3374,9615,143320,0,73518,32986,500,0,29823,86501,0,736522,33241,6636,5790,121894,110697,264,5341,0,0,44696,0,10925,0,0,380,20234,1000538,165476,1138,0,30066,52300,427163,2203771,12088429,133500,0,0,24120,5979,1062,0,0,22157,61204369,2,17,51,23,7,0
"22","2021-04-13",805920,25778635,8535521,11237248,162332,3449821,1851925,47566150,118.528,9000,46825,67107,591,22136,60,203,273479,783,3834,143435,104782,155131,1316,29465,106351,146,10870,149153,1053,0,1388,190672,28504,0,1722,4722,2063183,0,754,29454,0,0,71518,0,562683,1170,2687,0,0,522759,15123000,316929,0,0,0,35176,5986,40819,0,3081,6876,105089,0,53148,0,777,78497,44158,59160,28639,1915,14376,10131,0,545,511,699,54455,857914,2268,863,1986,2313,874764,21243,1500,90407,339,167,9069,975,8352,0,5285,0,2238,41366,262659,5661,6277013,915024,30877,20169,67695,3041,62669,768450,3445,119063,3483,43983,35907,40351,0,34149,216,10191,8849,19807,1230,0,0,440,36007,7666,4433,0,26423,92170,6017,1228,15785,681,6327,917648,5683,524,23228,4414,49,284117,17922,54514,684,0,17646,183899,2861,12806,4203,204,193897,0,671,47312,11079,76206,15202,15089,42,4962,43237,76223,0,367314,122484,70850,172284,742057,72,183,399,594,329,0,1172,1149,354379,27725,100988,1968,8290,113240,0,50591,27511,375,0,18081,79847,0,599090,20417,4977,3219,105821,80291,198,3560,0,0,42315,0,8133,0,0,285,14580,813923,124107,498,0,26872,40225,278914,1542179,9647117,116548,17499,0,34670,3591,579,0,0,23271,49969477,2,17,52,22,7,0
"23","2021-04-14",1709004,63917827,17754869,26775142,318351,8012500,3909455,126425005,235.069,25286,93617,156583,3863,53989,140,403,738158,1827,8946,278566,251221,245636,2914,112748,254594,756,27361,363186,2964,0,3986,107658,79864,196,4018,7087,4918237,0,3997,65467,0,0,358001,0,1373215,2730,4768,0,0,1138284,29903571,542621,0,0,0,102348,14220,64668,0,11100,20631,232469,0,122271,0,638,269218,156159,157647,59402,7872,42710,20762,64148,731,1104,1631,150878,1912528,5164,2432,6315,7441,2422960,75452,2278,295103,787,467,21795,2489,19662,0,16619,0,5592,159630,766098,9561,23693954,2110393,55517,66604,130442,6574,158449,1737538,18206,394353,6259,105967,83783,195518,0,88841,732,23779,28078,43342,2870,0,0,859,92728,21636,8914,0,42530,194185,31750,13320,30819,1650,14763,2273410,13536,1286,204411,13669,106,460802,41818,213456,902,276,106769,560727,7334,27760,9807,476,250657,0,8558,130643,25285,234598,43852,66931,98,5722,121574,207917,0,796067,256527,171505,384655,1557010,168,432,938,714,749,0,2836,481,1096769,57225,262620,4324,7451,311967,0,96407,52243,875,0,22062,228371,475,1449358,14330,35773,4775,300673,169334,628,6586,0,0,207387,0,19293,0,0,3096,51910,1949954,289583,435,0,61568,88263,449083,2468613,22739725,247660,64968,0,99475,5977,630,0,0,72706,118487693,1,15,54,23,7,0
"24","2021-04-15",1632253,62299559,22559880,28655413,439376,9391371,4350342,134403507,282.439,51714,63447,156583,5516,104594,326,639,1126490,1827,11026,351603,382490,209606,6487,129273,842432,2498,80877,505128,6411,0,5227,6092,107533,1372,7417,14075,5493457,0,3868,68938,0,0,433665,3194,1859749,2730,5711,0,0,1177678,28044287,705858,0,2556,0,101028,27994,87242,0,21238,21859,361737,0,228172,0,751,263859,153523,157647,194545,9047,37562,5778,224518,2069,191,20095,200130,2502777,9427,1589,4026,8691,3599990,126884,3366,331593,844,590,22151,3858,20537,0,20627,0,9372,284776,733531,14005,23574486,2272336,63716,59595,144860,5688,106583,2097020,71554,421304,4482,130050,237883,225520,0,89299,4569,21069,29679,48900,2870,0,0,1290,117300,29735,13647,0,57560,180423,35920,16328,31532,2608,14763,2734191,24837,1323,119614,11064,111,270359,41818,231301,1009,467,102930,736290,8126,46148,14907,476,82091,0,15553,192014,19310,328854,40706,96092,258,26688,155839,342355,0,1144412,311693,168864,451130,1920629,238,603,1107,505,687,0,4563,371,1049626,47401,277493,7322,6845,320558,0,154603,60648,871,0,13009,282685,695,2055422,1870,41785,3308,402150,265745,2628,8148,0,0,183303,4416,39592,0,0,32270,69497,1592670,289583,718,0,55348,80408,520521,3054218,23103820,287665,205286,0,77651,7246,156,0,665,90064,124977852,1,18,50,23,8,0
"25","2021-04-16",1783733,52854475,23978274,25422855,533248,9107980,4455736,109752653,280.799,58538,75372,156583,5872,122805,793,1599,834250,1827,14291,426766,364749,125557,5047,121647,1086462,4505,104295,469724,5899,0,4641,2314,112679,1372,28367,13472,5611088,0,3706,73448,0,0,321299,4336,1962889,2730,3614,0,0,1023867,26155858,683498,4326,5964,0,113966,23163,102341,0,20938,28366,367380,1458,210053,1778,3070,167130,270087,181544,270679,20037,38856,2999,224518,1848,0,33541,229462,2536557,8102,2623,1953,8825,3608181,84146,1688,322311,1803,1290,11700,4827,16458,0,32566,0,11004,224376,512745,13904,16455939,1563137,170083,92385,172309,4003,70453,2349439,10014,708178,5995,110946,332316,165628,0,111028,11076,20233,43309,64206,3894,0,32200,2133,98496,23184,13401,0,29425,160375,43210,12853,35314,2877,14763,2551490,27723,1368,65065,10069,146,190490,41818,236240,3897,610,85024,718695,8508,52091,46353,11844,83379,0,11942,187796,41099,366418,29527,49924,742,21893,179969,310978,0,1308072,466360,165163,565868,2052019,289,679,712,379,896,0,4590,371,1012194,23153,162213,6238,9370,308048,0,152057,65117,1096,2800,3333,607959,1066,2017551,3248,22057,1700,461279,325307,3185,8703,0,0,276614,10304,53862,0,1700,40376,82078,1248262,289583,1141,0,47081,74729,631362,3429523,20086186,309055,202324,0,14404,63105,393,0,7971,66726,113680565,2,21,46,22,8,0
"26","2021-04-17",1161704,59796948,22308688,19932582,343413,8481129,4086094,91226618,241.831,75068,59762,134214,1550,67687,1308,724,823799,1566,11296,278535,304120,75844,3614,74139,813645,2231,65679,374817,4040,0,2906,894,134157,1176,25878,4548,5491050,0,3047,81423,0,0,351569,4021,1740057,2340,1517,0,0,788401,33600144,550002,8652,5112,0,105356,23439,94722,0,14262,36532,311142,1788,200566,1446,4780,184102,264679,182916,171161,22288,38354,1923,188862,3679,0,9817,187865,2300582,8777,2206,1856,8056,3479565,10317,1990,295828,1520,2105,5852,2433,16411,0,25216,0,9432,155765,643139,16411,14034498,1588312,260775,63964,183841,3863,59598,2246858,3420,1117333,4795,114152,374144,88256,0,164524,9473,61247,46761,69840,3996,0,27600,1671,86658,14095,11315,0,18309,144865,36935,10902,28079,2466,12654,1694045,26864,762,315729,3178,108,203696,35844,331607,9938,1353,101841,574157,6780,45830,29259,17460,54421,0,11727,160075,20737,359132,77730,58740,524,14868,165104,204216,0,1341035,329655,150427,509138,1839915,72,582,540,275,692,0,3526,318,1045766,13965,212699,5632,6538,251850,0,133134,49377,1668,2400,6189,869179,1002,1957254,5556,29356,2115,366064,324812,2730,11598,0,0,423891,8832,20718,0,2550,34608,76981,1328434,248214,978,0,51894,113801,458601,3130346,15788856,221458,143208,0,10704,222712,1075,0,12724,109051,112024464,1,20,53,18,8,0
"27","2021-05-17",255857,12132185,3857070,3111029,57155,1399292,683262,15256972,39.016,13921,13423,22369,124,8959,253,89,136313,261,1125,45714,52699,13246,723,11084,108320,2633,8679,65161,545,0,418,117,27362,196,4089,401,881227,0,438,14293,0,0,50880,1179,264049,390,294,0,0,112067,7156714,101726,1442,852,0,18326,5965,17387,0,1926,6444,54306,375,32301,177,653,36563,52179,30486,31476,4026,7616,113,27385,470,0,1762,30789,395543,1425,266,340,1392,674923,226,421,41959,174,303,812,368,2133,0,3164,0,1572,28765,125911,4212,2369239,239107,53148,8610,30686,511,9311,413508,570,198736,807,23198,94707,10587,0,37810,1423,16209,8742,7604,666,0,4600,220,17309,3108,2062,0,3766,23465,4486,1811,4024,411,2109,273813,3764,107,70174,537,17,53046,5974,67615,1785,239,30619,98091,1050,8141,2402,2910,7753,0,1846,32289,2003,92467,21821,10185,148,4634,48598,26819,0,238603,59998,26317,77910,264843,29,97,94,69,96,0,472,53,204165,2132,38969,747,721,41975,0,24303,8207,290,400,3142,183077,167,345164,8575,5892,493,58102,55202,455,2199,0,0,51487,1472,3453,0,425,5768,13393,261520,41369,163,0,9043,32614,57842,503641,2438800,32806,35647,0,1784,51087,102,0,3438,21223,20812588,1,19,58,15,7,0
"28","2021-05-18",1631371,74531118,27719002,20817100,463878,9015522,4928019,96096186,278.164,97447,112043,156583,1139,62713,1771,616,884820,1827,4163,366702,396176,117176,5877,100675,534528,24070,61842,573902,4185,0,3285,794,172974,1372,21585,3278,5468003,0,3942,99221,0,0,435625,15203,1820421,2730,3715,0,0,770302,47115286,988883,10094,5964,0,134916,67178,151650,0,13110,55375,419115,2779,281044,667,3500,303414,365581,213402,204929,33610,60014,126,156263,1743,0,12334,227490,3005435,9549,2246,2256,8704,4834607,412,2895,343164,581,1935,17842,2576,21133,0,19866,0,11004,238178,800261,33684,13532449,1560846,419958,60270,230092,2545,52327,3168182,3990,846977,5087,202191,570790,44255,0,279978,8597,149039,68403,52689,4662,0,32200,1529,149356,32991,11391,0,23053,230431,30912,12663,32280,2877,14763,2524772,26856,855,713301,21087,119,469537,41818,448320,12676,1673,270663,776500,7112,72533,16482,20370,168986,0,19175,221114,14021,937685,135659,70065,1726,38193,373078,309353,0,1605333,479709,201056,523850,1682845,28764,388,969,4677,1152,2592,3890,371,1121158,13055,271777,3269,3895,293825,212,176843,83895,2030,1792,53606,921776,1169,2583773,122860,41244,4226,425999,409496,3185,23919,644,0,273158,9799,24171,0,2975,40376,93974,1932172,289583,1141,0,57355,161967,427037,3190246,15628506,192513,301923,0,12488,306417,160,0,34804,125694,134177991,1,21,56,16,7,0
"29","2021-05-19",3177929,93348861,30872840,18590953,554727,9333465,5312303,103155270,305.535,84449,78591,156583,2071,62881,1771,1098,985012,4695,5333,421312,449335,152487,6997,108392,423474,13810,97806,672984,4568,750,4004,827,111726,1372,16310,12064,5087597,0,6802,158763,0,0,445514,16222,2323007,2571,3542,2802,0,869866,63108428,1115506,9037,5250,0,147802,86482,235650,0,9704,73857,474840,2825,332058,511,1977,585626,246678,244047,191596,35091,59143,213,161427,4225,0,11544,241450,3412139,8533,2801,1411,21695,5213100,322,1647,640353,1226,2990,59177,2780,45222,1425,30825,0,11004,236678,557951,33274,15085959,1438787,551307,57560,303118,2789,38379,3359795,4145,1600603,4389,169050,496475,35099,0,265690,8785,145750,100493,64233,4662,5346,35721,1822,165543,42501,12887,1641,17062,266763,20055,12471,40988,4163,21082,2135367,42398,1435,541025,42591,119,733435,41998,343849,14672,1673,124199,937827,7220,84056,5545,24663,373014,0,90534,221138,14021,677579,28726,67684,2871,56199,419564,483616,0,2024115,573200,210688,710124,1812831,46085,0,2271,7693,1395,5366,4426,371,1057757,14623,239209,2219,4227,261874,1478,223671,99920,2030,448,75369,537176,1161,2632448,189682,41244,6575,445583,473408,3185,62730,3103,0,415946,8686,24171,0,2975,40376,98428,1281396,289583,1141,0,42934,107665,470178,3501549,13101124,210934,303982,0,12488,224538,546,25656,32870,147417,155878775,2,20,60,12,6,0
"30","2021-05-20",3075373,121375204,31775892,19591252,570046,9032625,5542636,109778987,280.208,38307,63038,156583,1068,86351,1465,4993,977151,8003,11485,468967,473175,141422,8225,94231,234652,11095,114156,709970,13296,1823,3244,446,200797,1372,26444,39759,4719617,182,5668,158164,0,0,446457,6086,2570639,1939,2887,6538,0,828127,95238857,994460,8603,1991,0,172350,107053,225804,0,18699,77756,498472,4436,341779,511,1496,691429,324923,317676,273509,34071,52101,1257,140554,1794,0,8700,254057,3617372,5927,2923,1181,25421,4868706,322,1156,637996,3282,2848,75169,3043,30801,3325,33936,0,38229,199996,644747,23697,10985669,1192436,640433,47898,333521,2835,24929,3473568,9274,2936670,5124,189827,255942,21468,0,186716,13857,131366,112035,69173,3824,12276,43460,2295,140053,40254,14501,7360,11490,265398,14177,6709,45706,5949,60054,2414807,58874,1482,166695,23509,119,1306987,34411,161999,13725,1335,83380,1022173,5471,83757,1195,46598,134460,0,57030,200118,34248,846725,8415,86563,3895,84577,529257,893162,0,2102207,600176,241181,707904,2380499,43078,0,3713,7023,1516,8208,3528,677,1163335,52557,252564,1604,4501,308851,1275,240879,115373,2030,532,126490,668579,1379,2352387,403939,41244,11629,439196,510546,3185,120324,1926,0,531130,10249,24171,0,2975,40376,134546,1516275,289583,2008,0,64029,103291,415118,3737477,13074636,280796,199662,0,26758,79916,1790,29932,30434,124617,185420392,2,17,65,11,5,0
"31","2021-05-21",3679813,145732230,32079783,17648183,697539,10047963,5794294,122813323,275.079,41884,50680,156583,1776,137767,776,7266,1014618,7165,15497,558622,498838,207090,5453,118262,239010,9583,102050,679012,9305,4232,2296,430,264290,1372,76471,33143,5278965,1281,14422,112357,0,0,617341,14772,2539172,1889,3670,6538,0,955583,114061570,1057937,25715,5384,2244,195701,117107,199025,0,14884,82216,539627,6656,344213,2072,1878,551085,373487,518340,277680,30735,61066,1547,218508,3493,0,12107,275605,3474155,9055,3062,1183,24250,4836476,116655,1121,595193,1792,2232,103749,4348,65610,3325,32192,0,78586,197971,699568,20180,12215969,2158910,760181,54016,317988,6895,28755,3536068,12414,4018346,5796,314838,309827,14966,0,81004,25011,107249,111567,75296,2467,6292,43694,2283,136567,27378,18467,14629,10739,487722,14700,21982,50122,5997,66374,3450693,92330,1138,321557,28028,101,1584862,3261,113568,12059,116,162802,1019739,5871,91869,21699,31880,87802,0,51121,245325,78752,1243811,25034,112228,8482,84430,772171,1115674,0,1979883,537565,248912,510512,2519527,43078,0,4984,2295,1470,7178,2323,2299,1146790,27279,231821,2155,4501,321705,1608,249539,112676,2030,3154,264463,1319024,1725,2242165,136911,41244,17606,468131,543983,4992,101180,8620,0,682091,14614,24171,0,2975,40376,170941,1646775,289583,3106,0,77863,88714,742957,4097885,10249980,235085,277441,0,114761,34534,242,29932,21947,90473,209885511,2,15,69,8,5,0
"32","2021-05-22",1053127,47828667,8951060,4559230,250508,2891790,1641674,37070590,79.782,9830,15273,44738,514,27296,153,2503,308597,2113,1405,182791,142582,75996,1380,36835,39150,2118,25407,192032,1373,1522,654,131,75045,392,14589,4406,1308964,399,4625,27519,0,0,196358,5234,706913,1046,1109,1868,0,328466,37504142,455434,4082,1636,1122,50835,14988,48038,0,2625,20866,164384,1455,104232,1500,373,134394,77116,198079,66737,6829,17546,442,39865,1035,0,6427,78783,1017821,2329,739,338,7354,1406401,100914,356,167113,585,512,40862,1506,23334,950,7777,0,32775,63262,207974,6535,4747152,616817,191404,14496,85147,1736,6637,1027584,2421,1352184,1567,105579,72600,4348,0,23144,7408,34754,33668,26231,870,763,12484,709,39685,7713,6193,5294,2905,151780,3283,7577,11229,2294,18964,1090966,31919,401,140044,14699,21,404055,186,32448,2451,4,33139,299232,1699,29376,8862,5507,25847,0,14920,74541,22886,480962,14923,32643,3501,22464,222650,283812,0,566678,160736,62457,138313,525194,12308,0,1258,421,535,1422,173,1317,336580,3195,80206,545,1286,91142,628,72025,29580,580,2397,94717,611287,496,648144,41633,13032,2673,140663,164649,5129,51173,4722,0,191395,4902,6906,0,850,11536,43391,274649,82738,645,0,35361,26681,175061,1106940,2113412,64213,119878,0,36866,18575,25,11108,2112,27575,65534382,2,14,73,7,4,0
"33","2021-06-22",3377877,128145794,23234715,12579450,663112,7897517,4161864,98910685,215.914,26040,23015,111845,2435,85022,167,4810,1117399,7428,2483,539277,404530,216456,4502,95200,56153,4299,78582,568042,3515,3805,2045,413,162004,980,27120,5742,3412246,1113,5623,75615,2880,0,400798,7597,1848965,3770,2928,4846,0,751263,99429429,1310092,2846,4090,2264,148606,32613,126054,891883,4965,43294,447138,4827,256161,3217,419,491214,264021,424782,156434,14299,42926,1105,59774,1898,0,31220,206294,2780231,6475,1057,3605,21304,3675744,155742,572,417524,2954,1081,88304,3476,38455,2375,18058,0,103815,179947,397827,16795,12992269,1288659,470690,21095,200567,1399,13661,2527518,1953,3893930,3632,239300,155879,8320,808,57860,18520,115071,83621,80975,2175,2445,35494,1971,119701,27365,19845,19551,5215,437920,6947,16622,26665,6348,41673,3096483,52656,1230,284013,32365,29,921641,398,81120,6581,10,31483,810109,4295,79643,22155,8696,139720,0,55521,229228,57215,1243833,58788,70493,6995,62679,501800,605949,0,1590598,406240,131482,323313,1624472,30770,0,2513,1203,1073,3305,333,3524,761252,9152,193606,1133,2832,235549,1955,177331,89673,1450,6536,262363,1844629,1238,1883069,253947,52692,7790,387543,437361,21561,169120,7570,0,450114,11529,11668,0,2125,28840,126212,1001298,206845,769,242,101388,110415,410976,2473839,4600478,173461,308881,525,92165,82853,82,42680,1002,62283,175898465,2,13,73,7,4,0
"34","2021-06-23",3910319,172183154,34910799,16919214,995478,12172342,5840990,432215552,329.666,23799,32994,156583,6728,202889,296,6158,2204629,10808,3117,825918,606168,261205,7077,89556,46004,5724,136777,1013952,8045,5631,3208,609,219312,1372,38926,9846,5685457,1599,4835,116152,7369,0,369714,7141,2753011,7308,3373,6419,562,957712,124965429,1558813,764,5977,1726,268233,83009,170409,787312,4381,51214,675429,8976,424444,1967,489,1163132,421669,451139,226004,13553,64328,1547,68505,4090,0,69563,319385,4067319,10391,6418,7964,34845,5477850,9360,99,664520,3565,1105,79345,4550,29848,2945,20385,0,79824,283665,362806,30661,20541446,2419135,581444,37279,281692,260,23806,3994806,11631,6608386,3870,340621,331034,64742,1414,81004,25085,125802,108723,112479,3045,5528,59033,2835,170111,49175,40109,42462,10386,749180,8545,20713,36398,5234,55395,3781329,58780,2048,238797,28800,28,1355346,1741,68972,12526,17,103389,1455114,5380,102609,31017,10441,299203,0,76587,338019,80101,1940820,64004,85831,3245,84768,669353,900416,0,2239458,608317,137617,388720,2062164,31156,0,2549,1597,1189,4851,442,3272,881143,23116,210833,724,5485,330088,2310,243381,136788,2030,8964,412253,3373808,3148,3381573,326620,89501,25529,626696,643103,26047,181265,5474,0,1420866,12997,20524,0,2975,40376,227927,2340066,289583,644,1111,67177,308482,451561,3501162,7350527,232953,292439,1551,137888,231566,170,65141,577,47537,241091306,2,14,71,7,5,0
"35","2021-06-24",3733758,177404733,34759388,15080645,969108,14657192,5936220,561464007,316.316,44053,38677,156583,10323,159247,304,3127,1911921,8617,4221,749590,614466,220288,8876,54039,25638,6736,163681,1051659,9367,6727,1737,588,182540,1372,50435,30607,7654234,1018,4892,96400,11086,0,647338,8502,3104627,14244,967,18352,1967,1021046,120028001,1569318,1609,6687,3316,218801,66560,233664,1108123,3375,56381,684726,9058,414473,1729,482,783819,461792,474406,189695,10096,69527,1547,51797,2880,0,26870,345142,4061041,4899,9893,743,31490,6058554,1631,114,679400,3485,1166,109526,3764,53075,1577,20072,0,61702,291790,174160,46404,22402028,3174446,270722,103899,342880,2294,23433,3907590,24341,7706155,3498,323994,499234,110935,1414,81004,19901,103293,85193,149502,3045,3540,35715,2831,134133,46092,44501,66121,30257,1185391,6512,13506,38586,21063,81564,2837038,75096,1500,91972,16214,22,1124655,17381,35525,18889,26,250932,1519610,2992,121132,31017,19428,290246,0,41845,313726,175279,2124452,50031,171091,8455,149479,1058100,1139064,0,2250391,630302,109688,251623,1891340,15260,0,1908,1619,684,2903,406,977,865498,81872,169422,453,7495,311964,2120,242646,104234,2030,12510,396873,4170704,9030,3172332,580252,80698,40160,720832,624751,17150,398466,15682,0,1663803,29519,29932,0,2975,40376,210488,5643111,289583,705,1023,49319,362565,562842,3139015,6391453,266392,349178,3746,422030,487300,123,26939,619,34706,246604824,2,14,72,6,6,0
"36","2021-06-25",3566884,219315998,34334559,13789225,999225,16490714,6490534,227878485,321.054,90932,54507,156583,9935,94585,491,2348,1751922,10244,2050,768828,597024,256792,10928,69373,15892,7394,184114,958737,10648,6818,1070,596,174739,1372,58239,42059,9077411,1003,7600,75425,4303,0,653662,9443,3224386,20009,2438,29179,1867,964638,148995429,2207448,1687,31049,4449,153513,26186,199738,945768,2435,41959,671397,9058,459843,1991,872,769112,470550,320021,173056,4451,51824,2367,24360,4017,0,37332,309664,4065257,6609,9706,342,24957,5872815,6692,122,591234,2618,2008,132987,2730,69775,1463,15575,0,135570,308573,174160,30749,35189531,3814491,324764,123921,368684,6512,37392,3900260,27655,8686055,3092,492154,556066,66932,1414,81004,25095,168786,62307,109911,3045,7193,19954,2053,125183,45049,38967,37648,28117,1500205,5831,11186,31990,69610,121990,3335999,83105,1319,70119,11823,32,1215030,23117,35525,19443,508,131289,1423291,4505,129726,31017,46308,352417,435,29771,339000,219476,1920808,91463,110587,4621,123077,796271,1499866,1,1918748,685392,97970,174029,2854918,15260,0,4681,958,878,6306,625,977,714191,21162,132110,393,7915,336586,2090,253621,75705,1482,26191,450181,2075556,10508,3356608,348619,74752,27952,715327,562394,14635,589611,56025,0,1436373,66970,19201,115,2581,40376,197537,7249698,289583,2708,447,26497,345774,683165,2647282,4747774,253507,600682,2406,297678,909301,163,21713,828,58801,288496605,1,12,76,5,6,0
"37","2021-06-26",2192623,129651414,19737530,7747742,554362,8725197,3767472,137591262,185.772,58075,31429,89476,2779,50082,361,542,1022046,6724,1060,441984,349623,219847,5516,75782,6389,3443,105208,516341,6329,3677,1394,368,149536,784,28907,16804,4704211,563,6029,38183,2305,0,459330,7726,2067490,9238,2175,4049,979,601128,88036858,1292627,964,16084,780,71936,9029,98295,490117,1275,22185,380374,4998,242243,1945,458,276581,252885,126035,138091,3253,19368,2215,13866,1795,0,24330,157780,2343714,3513,4560,868,11465,3183598,7680,57,376277,2462,1478,49229,1607,32488,794,6925,0,95952,204231,99520,19072,22172815,2987268,359751,75336,214544,4332,47581,2237897,13430,5361606,1780,282185,380848,75837,808,46288,33017,96230,22717,84138,1740,5827,7181,1018,71173,25112,18855,3600,2882,921666,3727,3778,16112,18382,66400,2122453,34996,734,58042,5554,15,499607,20751,20300,9185,860,44846,822292,3217,74774,17724,19408,254157,346,23850,215598,127772,1325488,55583,50510,2536,62734,389034,857299,4,1067622,426989,107282,87405,2057636,8720,0,2641,684,576,4675,83,2158,459240,14124,46064,331,5660,191761,929,133948,39185,208,17481,328721,484521,7892,2099214,144722,21493,8669,376252,285535,5268,193039,53960,0,861497,24489,10972,92,987,23072,104789,3063936,165476,2068,228,20214,240907,311805,1410599,2376826,140294,355224,831,255098,591518,50,9435,2293,89949,168608868,1,12,77,5,5,0
"38","2021-07-26",1215779,89022337,14683902,5612107,440199,6666677,2822862,97734699,134.397,38832,22419,67107,1137,24033,282,457,910351,6387,1102,352090,263081,192793,2753,54211,3240,1628,78906,333768,5768,2043,1288,276,126096,588,7491,8405,3533045,362,5841,27371,1735,0,404686,9111,1581600,6834,1209,771,1387,369393,59097571,923932,723,6845,393,43371,16968,59924,461563,795,19404,280841,3165,181633,1653,265,200041,210971,82621,91775,3612,20855,647,17354,1233,0,20799,131964,1776275,2337,3540,615,7397,2205992,5760,29,271508,3183,1163,21614,1286,17699,459,4899,0,61038,167745,74640,19612,13308157,2739188,235149,56502,158126,3159,46020,1638342,8391,3930771,1478,231792,328291,83556,606,34716,29289,48400,31355,61044,1305,1986,4709,929,52343,21035,16293,2337,1430,691658,2554,2910,12460,7557,32430,1507765,24367,524,58395,3498,6,276086,19038,36191,4588,506,19068,622578,2136,53526,13293,11079,200600,245,28965,162571,95829,999948,30081,42640,2207,55014,382854,637714,3,762342,357464,94452,59578,1782235,6540,0,1180,410,225,3410,89,2461,453913,24318,34548,395,4245,157047,540,95984,29185,415,10125,257232,332527,4713,1716343,260033,18480,5207,302640,196373,3825,158229,42923,0,682332,12564,8229,69,720,17304,86745,2321642,124107,1487,171,67914,188119,215746,945751,1618242,120336,266418,603,300836,316681,27,6220,4082,55647,117641001,1,12,76,5,6,0
"39","2021-07-27",3117742,168332553,33825147,12507938,1083288,17859460,6283613,209487338,309.394,55672,41620,156583,933,32631,554,806,2654072,16695,2870,885273,578190,394587,2974,55486,4786,1599,184114,766360,16845,3300,1032,733,350073,1372,26756,16869,8777368,681,18436,62385,4060,0,910710,26532,3451707,18268,830,4385,7462,835207,97935142,1793158,5129,21154,567,80197,63260,147631,847643,1561,53166,489063,6818,446123,3857,241,689389,906933,234918,254535,8740,46115,3228,35405,5036,0,52718,321006,4051912,4596,9329,471,19082,4785754,10437,72,587445,6410,1382,56502,3563,168811,797,9985,0,211625,419823,174160,36597,31110298,5653850,421381,178093,385610,5574,115079,3743217,18849,9488695,4030,355175,863289,131520,1414,62585,68341,132869,64926,133617,3810,981,14906,2499,85116,45552,45778,8460,4733,2026196,22070,6719,26757,12967,75670,3396839,45936,1033,109984,8623,34,387049,55795,308073,9413,683,122334,1262946,4075,123585,31017,25851,336001,478,90864,333728,272714,2308208,49636,116538,6065,235342,1247667,1689986,7,1498376,902191,188536,124149,4722563,13055,0,789,647,581,6889,250,5297,1206550,78481,77434,1151,9905,535498,1826,195707,66358,1841,23415,786167,729137,5033,3904578,832758,48475,9173,675117,430878,9774,860815,89587,0,1709947,21482,19201,161,1680,40376,203543,5306839,289583,1456,399,135323,517879,427331,1891299,3214549,261029,621642,1844,962405,277114,57,13370,15321,92428,236726128,1,14,71,5,8,0
"40","2021-07-28",3697957,145565174,32648024,12467692,1142184,20245649,6248737,206139145,291.996,88602,38981,156583,4361,41157,730,716,2426985,19386,3339,937780,458050,289309,1758,48941,2043,2042,184114,867594,15193,3191,118,1290,367519,1372,66017,29693,8821461,1087,19419,55579,3159,0,1099015,64500,3111893,19464,973,4921,5352,816059,72874571,2566046,12693,21936,525,108386,44685,127792,853150,1990,43445,522436,7321,515160,3857,191,540180,1958499,509194,347504,7132,40327,8518,34209,5517,0,44013,295176,4069124,4965,8830,1806,49020,4347610,4582,110,512682,4891,703,148712,3443,43339,784,11039,401,203374,431834,174160,15720,29901109,5622345,710199,247696,381340,4648,69906,3859430,10242,9672982,4238,300985,931862,70430,1414,48769,68341,126960,48003,178964,5493,798,52778,2629,64724,35477,41410,8610,4830,2706310,39621,5502,18884,7103,95170,3546346,64080,941,37674,6609,24,902076,80819,377958,11148,1296,313743,1042022,3982,133167,31118,25851,82738,308,63328,247584,250767,2961720,38507,123815,7102,361994,1233169,1556300,7,1434880,979072,122253,95406,4891712,54654,0,388,860,112,4473,275,3764,2018709,61972,68418,757,9905,503884,1733,178509,59379,1996,18370,930386,1011019,5355,3661861,1524836,48853,14353,560129,397220,37794,1379528,65975,0,1830646,35386,19201,161,1680,40376,187512,5231946,289583,512,399,16610,583980,395596,1652030,3376759,220823,621642,3773,1059918,186254,120,11289,57066,234398,215766680,2,15,67,6,9,1
"41","2021-07-29",3766350,151200802,32343128,12641236,1277172,19313106,6410435,200205285,286.946,111209,52999,156583,8978,36540,397,1316,2553541,22320,1863,1030477,388257,210132,2703,37833,92828,2453,191410,792900,12852,3110,323,195592,473790,1372,68411,23579,9477273,2028,16020,59631,1173,0,1305330,103513,2542312,16173,1146,4164,4255,603593,80461714,1728091,12922,18449,482,343793,38694,94672,672133,1762,35549,517965,4773,537401,3857,134,468491,2242984,148748,363632,12340,40065,5348,65921,2890,0,54114,271031,4641659,6440,9005,20197,53549,3713320,16153,98,467396,2397,751,332409,2159,13976,1078,9434,2649,309412,437310,174160,6120,28597041,5539322,1840786,207886,347538,3939,74777,3903850,7414,8206154,4748,216062,778375,65755,1414,48769,68341,138902,35399,107153,5544,798,53152,1131,65050,35496,36828,8610,4830,2936992,11931,3158,18990,8965,118803,3815476,88727,925,88257,7006,20,1010530,56717,377958,15303,2982,654103,842459,3693,158531,34462,25851,9044,294,77257,235128,127767,2812258,22167,174016,10439,502963,1290218,1916246,7,1137089,739035,140287,92796,5285245,90447,0,594,1244,37,5527,100,3654,2362057,46197,53748,747,9905,421844,1097,113657,54819,4085,9569,963734,1239403,1007,3281809,1716867,29732,11895,482105,332804,50533,1530861,45604,0,1616693,38823,16261,161,2129,40376,244104,3655408,289583,783,399,22187,637390,317923,1564263,3602129,189260,737206,5068,159606,242611,67,6711,84271,310720,220541794,2,15,69,6,9,1
"42","2021-07-30",4550273,186272972,28283015,16506211,1484947,18891321,6457678,212775064,304.664,42881,72094,156583,2343,40712,195,1652,2429510,20554,1962,1151821,349020,319063,2672,35007,932274,2300,194267,805305,14322,6305,400,268266,528642,1372,75827,32623,9753817,1680,17643,63706,1113,0,1093286,22939,2110947,24115,901,1508,1836,429280,106430144,1995591,20134,18163,334,450276,54772,80167,738188,1569,29269,418101,3254,429565,3857,178,438691,1672001,187781,377816,10353,38355,1022,45421,2196,0,73705,273308,4623998,6383,8112,25305,63971,3132615,38456,50,408011,6017,1030,465991,1771,46460,1730,10826,3003,290002,447684,174160,1901,31483627,5280003,2074251,207886,311296,2382,104819,3693968,25386,7280260,4300,394094,773627,51371,1414,48769,78382,136787,37854,140721,6048,798,60612,420,85226,29298,30899,8610,64610,3458554,4054,3087,18264,5515,112418,6908603,87018,1678,124117,11681,48,1480787,26226,377958,22503,469,685479,722428,3154,215082,35980,25851,7014,294,90841,256009,211594,2930482,20539,437957,12646,484682,1466763,2754266,7,809768,644467,136165,97029,4292225,90447,0,489,907,31,10595,244,1529,2395729,107560,46952,788,9905,440823,1168,90290,49503,8862,9569,1303297,2032825,53,2810614,2417209,4235,9413,424975,239109,50533,1655602,126572,0,1647380,43389,9793,161,4865,40376,253612,5819192,289583,706,399,28642,800524,200249,1434592,4146344,145468,1153243,4253,131852,948564,109,5578,83091,348250,255988739,2,11,73,6,7,1
"43","2021-08-31",5488496,223430054,25617002,15226614,1687288,19259306,6155569,249284537,309.477,7833,59541,156583,2366,36206,236,838,2557464,20925,2182,1264788,287168,455876,3703,52477,2983551,2993,159656,704816,12506,7224,200,57561,331968,1372,70529,15734,9818440,1036,21341,61332,1113,0,1245202,17538,1416971,21907,1057,684,5034,427442,121786144,2694798,26623,26365,322,119856,120009,61352,1240536,1600,32328,333609,2685,355794,3778,270,345873,1670630,213816,390587,6202,34641,25322,47758,2261,0,89797,270059,3967794,9715,9894,25305,118818,2769546,39130,56,318248,4469,753,508299,2801,75418,1750,14441,6302,415626,456931,174160,4182,38622957,5510082,2707229,211282,252170,2025,311093,3212196,34257,10612838,2241,332700,890353,54246,1414,48769,122925,257414,35632,135578,7162,798,143173,0,96147,24452,23555,8610,98929,3670028,21059,15114,15307,25662,73597,5753721,68779,1577,61504,15247,44,2300297,177388,377958,16683,32,1239162,734087,4498,264306,35980,25851,7014,84,66308,263227,358974,7172876,27315,489647,15349,299348,1277811,4091883,7,619058,618141,152702,96081,4501480,90447,0,301,1161,108,11487,507,14,2742039,240303,48110,798,9905,460666,1181,97692,45385,6439,6939,1010528,2412765,28,2420328,2689973,4239,11568,401317,154316,50533,1184450,486753,0,2389788,40209,12743,113,6895,40376,354367,4103438,289583,616,399,16389,849945,303592,1351865,4622399,106340,1393695,2599,131852,2335036,100,2005,63720,344780,290708760,2,9,77,5,7,1
"44","2021-08-32",6142545,202452457,23794734,12821999,1856741,19660669,5689872,249446856,281.053,7833,60457,156583,2667,23728,81,846,2236112,24007,1634,1457785,232193,364922,4036,55828,5401154,6035,140955,512324,13037,1886,263,10086,232152,1372,71469,23443,10828228,545,24376,62712,10906,0,1911896,22813,1065883,26769,762,576,4843,510515,96269999,2104667,29409,27981,322,138706,95604,43641,622241,2076,30116,301266,390,352230,2737,294,254013,1561128,285095,398175,9079,35369,69229,51666,2676,0,60577,282386,3386174,13576,14543,25305,150914,2538619,39130,38,228303,2875,888,509825,1476,31057,1308,22617,6970,511441,458193,174160,15243,35303988,7356049,3747936,323333,225868,716,497772,2614341,25395,10251123,1568,262384,799749,141063,1494,48769,146256,347886,35081,123796,7196,798,87584,1069,104192,17156,19016,8610,63883,3309307,24514,43571,12647,19906,75921,4270192,46552,1196,35383,13519,12,1786219,527930,377958,24211,14,1072359,654251,4210,278462,35980,36450,29174,0,80312,289605,339391,6357509,26186,375127,6604,434591,1582962,3580630,0,490609,643435,146305,86184,4709756,101521,0,482,1429,130,9046,103,7,2287168,158840,52429,831,9905,489572,705,90542,39755,12997,1155,961284,2637271,28,2326638,1976338,29028,14867,432966,135870,40588,752264,552161,84660,2992106,42145,24068,10,2496,40376,665586,5074689,289583,615,399,5768,925965,293365,1382581,4932182,111830,2546495,2464,131852,4370280,77,1708,49897,410088,266729145,2,9,76,5,7,1
"45","2021-08-33",8731033,182573091,22890698,14734094,2064290,21695776,5858548,241144527,267.719,17782,58975,190091,2436,37646,0,1224,1939618,22666,2296,1665306,165162,379703,6282,38734,2193312,5831,173516,312672,11248,11710,602,16886,319488,1372,83223,21904,13105390,304,34441,62342,30632,0,1678688,27499,933388,35760,614,3495,4697,914487,80257427,1400427,31279,20103,322,196652,67627,43208,1154944,1853,23314,251520,459,342454,1664,310,176251,1784563,908844,465169,8071,33089,27451,32454,1320,0,47934,304796,3098613,16911,9092,25305,164317,2255185,39130,80,170252,2905,847,559179,1189,55879,338,20130,5416,518070,439932,174160,16863,36665542,7195892,3425675,374262,235904,170,556058,1610968,28045,7817899,1298,273455,627203,286334,1661,165738,138675,435420,35620,104592,7196,798,101049,1296,104498,10367,28222,8610,98048,3537730,26190,14534,7835,12472,89567,5181681,41720,1154,38406,13567,0,2207034,284890,377958,28209,14,995123,343471,5410,282739,43313,42659,77917,0,99766,351335,337083,4163425,53408,418211,6426,520609,972786,2871204,0,415143,649396,148746,84743,5963091,238821,0,693,1690,1867,11530,124,322,2041439,203228,51979,901,9905,328415,620,69440,40488,6025,980,977545,4645376,28,2228537,1978147,169686,19342,493695,139253,18709,505350,372176,83885,3088062,50953,25540,41,2352,40376,990070,6521693,289583,597,791,24017,828623,281108,1436862,5465522,202922,1375786,2741,771333,3849849,108,1708,24350,463003,252688982,3,9,72,6,9,1
"46","2021-08-34",11534989,191278872,18908801,14106888,2359000,22757341,6103911,415631504,266.734,346094,58119,1295865,2128,113910,5,1454,2574118,26258,3711,1861578,122647,413689,19481,29597,2455745,8450,140560,249680,13174,32928,727,3847,374787,1372,48241,25058,12594198,396,46404,67208,21680,0,1438989,18588,793500,42490,539,9971,4872,762452,90148286,1737702,38467,17697,322,203828,44812,44282,723042,1394,21305,237316,3812,207804,3625,833,225944,1679930,1316934,481802,11495,25027,7945,60344,872,0,35999,282395,3065849,20219,5835,22605,177886,1818945,39130,155,174460,1753,1975,592261,1345,88795,4688,20461,5725,519440,410084,174160,16156,37560039,7160581,3143967,371367,197556,919,652892,1640403,68617,8842735,1203,274540,562384,390305,1666,253463,129012,908660,36128,105349,34319,798,122952,1120,92853,7356,19224,8610,80395,3338435,22909,13545,5399,3725,81916,3574107,41720,1431,46797,16125,0,2420918,543907,529740,30265,14,515982,148204,5973,411973,43546,5882,79394,0,82754,432430,408451,4907272,98164,457737,6657,155739,1083706,2449008,0,376301,557218,137020,80006,3452190,438397,0,306,2231,3220,11943,325,1015,2225090,124312,117134,903,9935,142899,452,56400,40185,3922,4210,1371110,5506971,28,2042962,1358024,131752,28657,503031,149110,15838,518665,389804,51147,3675948,57273,42997,117,5327,40376,348640,4891032,289583,588,1557,166980,684494,328168,1431198,5915078,231900,807756,3348,3024699,2544055,131,1708,26549,433861,260945891,4,7,73,5,9,1
"47","2021-08-35",4443997,96996395,7517075,6695460,1100001,10760280,2601466,295601235,118.369,212283,30752,770781,876,89925,3,872,1181552,14875,682,827328,41254,227401,8150,12575,1171687,3872,55267,104190,6094,11556,300,2947,227248,588,19803,30481,4940560,538,21477,30016,4172,0,585209,4376,307726,10356,264,4417,3498,322562,40513571,715464,15003,5112,138,103755,23192,19277,519773,701,8055,81099,3606,67701,1155,324,95756,614112,628303,216676,6294,12312,3405,38143,294,0,17598,108015,1267019,9583,4251,4763,83207,688620,16770,70,81860,835,1136,251415,445,50710,5972,7438,3110,217107,177075,74640,3885,23564304,3393131,1777563,155691,66934,429,289136,809790,30762,3754479,488,110233,234546,136891,714,108627,46605,168285,15455,48669,47776,342,48188,344,34567,3093,6734,3690,20469,1186608,4119,8555,1788,3737,30972,1575720,17880,486,15681,7066,0,1138215,90872,275820,11790,6,371915,55839,2599,241044,12505,2165,95667,0,29786,204309,159961,3294903,81780,119811,2856,64530,586105,1151874,0,157287,186044,70434,33617,1232683,285833,0,370,1124,3,3603,43,444,1012002,9258,65095,387,4510,47608,186,21908,16721,1656,2998,668573,2386096,67,772253,795633,22263,11936,197720,68487,6596,293485,204106,18133,1723300,15570,21828,51,4971,17304,282124,1667618,41369,252,328,37782,352177,153971,506122,2604366,87110,652776,1443,960510,968611,48,732,9791,148385,127513208,3,6,76,5,8,1
"48","2021-09-35",5403341,121705958,9632055,7378341,1505245,12653085,3186697,194657470,138.489,200526,46934,1027708,996,142720,4,1551,1605793,17660,1010,1104317,51301,335997,9210,14961,1268872,5083,71330,106048,8612,14129,381,2112,205964,196,26404,46812,6754401,1201,26528,38338,10084,0,721753,3899,379890,13133,681,5928,9954,473464,44115571,724786,17989,5144,122,137272,54128,23490,701652,947,9706,79340,6873,68863,1342,229,117534,560708,731094,262374,6910,14871,4540,47258,466,0,23519,138614,1542565,12791,6988,3908,95468,838514,22360,79,106336,834,1660,312276,214,80667,8352,9740,5580,252345,226540,99520,2224,34433245,5108774,2070048,220496,71326,536,410446,1122388,32434,4758641,664,114827,319947,86978,952,144836,44229,168410,19869,59853,45927,456,66266,104,38257,3961,7507,4920,20234,1478647,3342,18058,2055,8463,33577,1685450,23840,464,16438,8346,0,1284887,30872,367760,13326,0,657909,68614,3528,323406,15189,2900,315176,0,39508,216552,201090,4853167,160091,164533,3898,64254,847424,1543792,0,189562,231287,86707,40649,1799662,288136,0,503,1353,4,3745,42,1242,1145477,10152,84282,516,6395,60210,263,24203,19665,4088,6766,792625,2720763,783,1000099,1504889,29684,12982,234388,89674,22354,263905,249876,16333,2299717,17121,29104,68,4785,23072,401757,2235473,0,344,77,64981,500559,237684,578682,3340567,146265,720993,2339,646700,1131121,50,976,14544,159857,158278025,3,6,77,5,8,1
"49","2021-09-36",11617419,169941593,15002688,12060430,2446848,17862024,5032359,223853778,216.592,115748,81025,1765613,1526,265247,9,2963,2728732,29991,1630,1843188,87958,464091,13981,20576,4200320,7084,121608,121117,10945,26008,546,628,191873,0,48599,45058,10127810,774,32742,56558,31954,0,1059496,8236,579928,36611,1242,10374,14719,756646,49995571,1216630,28871,9140,39,256380,93308,35707,1334216,1166,15836,100431,14479,73946,3593,480,191098,548993,1298281,378935,11227,22886,7403,182080,911,0,41755,221970,2146636,20491,13023,4420,154049,1338907,39130,136,172660,792,2787,553785,1140,96110,14616,18329,10600,351581,338715,174160,4252,51456729,8531891,3999101,1798232,111342,816,438884,1824984,52314,8145882,784,157179,554946,155160,3460,253463,74980,146841,33033,93878,39921,798,132235,200,58884,6264,10496,21057,32040,2443102,10854,34155,5193,32139,29731,3223938,41720,629,17734,12099,1,1798517,224343,643580,21524,0,723081,97946,8827,499137,52100,5075,783658,0,67034,282461,302826,7558940,205924,328138,9769,132391,1765775,2936058,0,274113,405023,81371,59982,2834851,285950,0,393,2753,984,4152,66,7061,1445554,12520,136723,903,11347,95007,399,37136,40188,12506,26183,1269957,4982262,8741,1542147,2171023,69603,18553,335465,167388,64275,767967,390879,22701,4546673,27571,74326,119,2367,40376,567050,4601138,0,840,80,192827,876699,392587,898117,4868951,216413,1255670,5600,896209,4363230,53,1708,23070,281930,228931002,5,7,74,5,8,1
"50","2021-09-37",10967701,168287483,12932762,14197785,2432741,19946208,5123112,212906778,231.64,90993,59572,1008750,1526,290303,59,2603,2117090,31822,3849,1891846,98712,373409,10975,16615,4617120,6189,147719,93022,15707,8292,350,10064,136059,0,57208,21423,11055171,56,27960,56924,45636,0,918338,10506,597389,29565,1821,10374,29042,719604,36708142,1075811,7328,10730,21,386336,163973,35249,1662691,1108,13333,78275,9093,75390,1979,572,176509,300821,1629461,273347,9147,23423,12113,227673,847,0,49161,179347,1677422,13824,13004,2726,182047,1348483,39130,163,179228,763,3240,637019,581,84645,14644,18261,9583,256941,277671,174160,10124,55389981,9462564,7080984,1640954,97798,471,308914,1604998,82924,8751195,581,145555,467479,254398,8296,253463,75620,126053,33063,104692,39921,798,125077,1279,56642,5675,17801,48443,38529,1993924,19243,26342,6161,84122,32780,4734088,41720,485,12200,15642,11,1713331,981691,639018,25019,0,637821,94164,20129,409427,43150,5075,544095,0,80502,205017,274178,5688855,136305,222945,16382,164387,2572536,2871527,0,230616,378746,72487,61358,2586884,331052,0,319,2893,715,5012,335,9186,1481158,22979,144463,1011,9597,77611,302,34118,76588,12611,33191,1310392,5261574,18799,1031880,1619122,160351,13659,265021,213198,82562,973188,356565,76675,4338416,28011,106722,119,1736,40376,619883,3991350,0,670,170,207431,854194,538985,678604,4969106,127100,1531462,6784,1573226,7077471,107,15171,26487,305328,228764680,5,6,74,6,9,1
"51","2021-09-38",10277087,151756500,11354253,12899980,2506383,18659300,4912857,209599798,228.059,90993,50196,32480,1526,309974,41,6109,2039315,35643,1204,2017155,110563,365540,4732,14730,2977357,8936,206922,116904,26966,17887,421,18172,213361,0,57925,18865,10254282,66,39495,49684,56445,0,1796912,9308,708928,20310,1456,15169,24599,615429,26001998,1086159,3110,11229,21,379348,215860,38932,2111264,1133,15616,65974,8496,66384,1613,659,178470,190445,2327503,209038,11287,23885,14034,426183,602,0,57747,152900,1401736,10686,7803,2345,124250,1375708,98493,184,171917,763,3859,543801,361,196767,15022,15482,4840,244715,204120,174160,7347,64831958,10018682,7140827,447901,74267,415,226122,1539381,33696,7177334,844,122983,475309,264151,2987,253463,70447,129752,37095,108246,34134,798,114937,1556,48494,5008,23681,47376,41598,1932888,7981,20120,5368,405654,13343,3577654,40882,0,8139,14294,14,1950464,97404,1269908,30497,0,746533,100859,26614,359342,22141,7099,433535,0,58426,163519,290316,5183459,176467,103236,6104,92859,1899684,2591290,0,214377,252649,54793,87398,1964514,520995,0,316,2884,505,9998,87,13418,1026789,19090,140315,2296,5751,128401,195,34901,85346,10960,61589,1116979,3343329,15394,699458,869226,82214,12427,215602,206372,120435,915909,350013,117159,4350483,32899,145908,119,1472,40376,328325,2997177,0,634,210,213875,741150,471906,515848,4542438,128432,1537804,6940,1893487,4337182,288,33124,34391,253597,207453503,5,5,73,6,9,1
"52","2021-09-39",7399712,103162668,8711605,9561379,1721464,13646000,3556125,144038325,163.85,64995,41456,89421,914,272175,55,5020,1294280,31371,667,1415697,78735,269351,9531,24006,4296310,7727,169600,114136,18252,14555,368,6910,155683,0,41253,14201,7147881,234,35839,31513,17979,0,921272,5449,522766,12757,746,30586,15264,634419,15887287,1017981,9292,9958,15,210114,164947,28099,1217223,676,11682,39909,2331,36734,2602,1045,108923,183264,1428570,182811,7645,16215,7712,271507,500,0,31047,114387,847755,6017,2382,1055,62158,935695,162503,128,110860,545,2595,356049,218,154988,8781,9454,4386,339883,142549,121617,3005,37220428,8161621,5817717,270433,40037,58,175128,1054946,30325,5571502,2322,82262,338523,181712,2187,181045,51450,92680,31324,74097,15275,570,68730,600,30760,4505,10677,30897,32803,1569475,3661,7727,5034,280723,12177,2688784,20459,0,4385,9713,13,1378754,6800,1469428,15208,0,887993,68386,13570,225215,33110,14423,296081,0,28721,81287,188137,3753849,121112,48843,5213,85311,1265205,1824022,0,122360,96724,21138,113230,1115135,258369,0,383,2490,639,14314,2,10499,521027,16575,89796,1895,6143,124662,210,23181,37600,7730,54976,570918,3101146,5262,325353,773985,25755,9923,125746,132685,86030,1159975,190347,83685,3673048,27187,102713,85,399,28840,510897,1902275,0,485,150,179306,563891,274017,442333,3945206,102557,1072415,5810,1177921,3898081,169,23660,36765,147223,144202828,5,6,72,7,9,1
"53","2021-10-39",2483173,40200133,3911028,3910521,677477,5548800,1406474,57975198,63.639,36128,15835,66672,242,142391,32,1727,500663,13631,229,562116,31892,112290,6530,13226,2959294,3199,67161,50472,7882,5822,153,1266,51807,0,15939,8197,2939505,144,15193,12011,5022,0,209692,3315,179179,4924,312,12600,6431,298274,4715857,469578,3471,4839,6,62543,84575,11095,400083,286,4208,14902,523,11837,1184,578,46960,104390,589696,84377,2877,5030,2931,63447,214,0,11516,45530,308879,1826,945,1366,23655,320872,66584,29,40531,204,945,128194,79,31778,3294,5978,2067,151250,49355,43269,1022,13485391,3296124,2102306,92851,13943,26,99884,373483,18405,2321960,1144,33437,134139,73901,1652,72418,19219,37072,12884,32880,5378,228,26164,50,11826,2488,5820,12308,11633,618531,1599,5207,2935,61262,6110,870142,7236,0,1621,4276,6,495860,2720,407594,6879,0,437922,25761,6396,85096,24111,11254,90335,0,7750,25568,62465,1833748,40372,12244,5010,49050,619479,708442,0,51036,29952,9153,82176,492807,54602,0,243,1221,250,4086,0,2990,219106,6486,37969,758,8481,50851,114,7917,11623,3092,18409,256271,1539175,1216,112629,181648,10302,3495,46079,47804,30663,609506,75127,33474,1522834,12252,35793,34,128,11536,210664,723352,0,194,60,74300,208854,93988,445633,1913784,34252,406954,2366,246398,1763748,88,9464,17765,53380,56731132,4,7,71,7,10,1
"54","2021-10-40",7031758,127973461,12429466,13797589,2404641,17315714,4569255,180055485,190.67,222679,45359,248801,574,546354,37,3975,1681197,49329,920,1885835,124627,344800,18701,48934,6651603,9865,286209,176805,21390,20377,521,3170,146398,0,52666,54219,9675329,265,41981,39841,17577,0,329665,8890,597327,27034,1284,29347,19481,907518,8800142,1533834,6870,23301,121,166027,332287,40086,1176950,994,14016,55636,3157,41350,4144,1590,155840,273470,2572998,309264,9253,13981,6884,171314,746,0,38150,150480,1035628,4259,6188,10238,56228,944038,235246,170,126852,355,3178,485441,205,80452,10527,32201,16107,215648,123609,131505,3805,43740430,10490670,6738030,311654,68701,121,402261,1130645,42952,7505473,4110,121895,419590,298847,8047,253463,57233,129752,45577,98098,15621,15342,64045,152,39903,7116,27648,43078,38249,1741700,5876,63860,12535,86846,27958,3969231,24736,0,4620,13559,21,1337935,11468,1511557,37119,0,937110,80153,28672,374206,122372,65297,363750,0,23200,68792,172062,6884644,130166,89911,29104,188492,2409601,3012297,0,493889,77775,35029,359900,2535305,65750,0,811,3957,1155,6771,118,8157,927623,17179,147427,2653,59520,104204,399,25343,40502,11004,52391,1104218,4291069,4396,502488,463704,36057,11762,150441,162383,86534,1821621,218999,117159,5380039,48815,100844,119,968,40376,293548,2272831,0,675,210,255018,699957,314194,1777703,6323537,116233,1255797,9415,327223,7392592,344,33124,49751,173119,180952629,4,7,71,8,10,1
"55","2021-10-41",9758144,117340642,11450722,13082222,2620274,15166677,4459707,157414522,178.841,256445,38128,248801,462,527131,0,2199,1429030,72249,872,1999934,136491,233506,14606,51989,3171303,8207,312094,203101,13335,18443,635,8468,141522,0,51933,87437,8499370,201,33789,38261,29696,0,1229713,5619,549489,19389,1330,30663,17409,751974,9146715,1743881,18507,25456,481,173886,248416,35750,1512285,1298,16771,59846,3201,48514,4144,970,257006,200960,2487057,235748,10976,12744,11547,118937,550,0,39081,137519,987987,3645,16619,11522,52742,929845,261658,1352,107761,293,3206,478404,179,103218,3873,17749,14379,189285,82017,128723,4016,40169141,11920438,7484895,293385,83852,210,188753,1160711,42915,6427538,3875,99836,387264,307120,6505,253463,63965,129752,66266,88172,26994,105025,70533,189,36383,6174,29813,43078,43782,1324496,6125,83862,11831,69742,27338,4025473,24794,0,3672,11673,11,1397899,74019,1649200,27946,0,467114,77589,33731,498696,148708,131651,395482,0,18552,55518,190867,5493106,136769,57610,33228,125417,1776112,2795364,0,377563,57563,33009,378714,2649685,477854,0,602,3584,1863,5719,157,4493,1250997,9270,61599,2682,61390,371,200,23055,40606,10469,53453,1116174,3370569,5456,353992,645212,36057,11531,170161,168325,66480,1523682,138439,109029,5142732,48328,76831,51,2840,40376,263292,1807866,0,543,210,195789,752952,240914,1783639,5597052,91426,1194009,11659,1299770,8443177,169,32365,46983,133208,169418681,6,7,69,8,9,2
"56","2021-10-42",12040000,115883835,13142184,13801049,2347864,16233930,4642415,160853034,192.11,256445,38347,248801,462,1094569,0,3150,2094649,107435,701,1810996,141124,188876,8377,39970,2735352,7223,271146,170184,12166,11480,700,9903,280971,0,51933,95534,9405017,227,26188,59508,38787,300,1248773,11565,561832,14323,1352,102025,20097,1032072,12631571,1397341,32966,16799,441,208021,257543,34970,1374924,1626,12191,91431,3050,75801,4144,1715,517272,389151,2296799,191432,7860,13145,5255,194234,654,0,44982,125461,952759,3720,12642,15149,33726,911372,267968,3414,130806,405,2783,331848,345,125143,3138,12282,12823,433721,82316,131190,4928,31585052,11961993,8318038,359149,78527,1742,103644,1265698,32729,5170769,3943,90836,378610,413213,7368,253463,68751,129752,90542,86991,43169,115642,80085,800,37443,9185,35326,39003,34072,1310632,4166,26389,14199,60913,15894,4428373,27712,0,2804,10400,7,1371401,105059,2088103,36406,0,234564,81890,24792,421372,153977,104938,680379,0,15571,38694,246533,4600294,202013,71092,33446,190602,1653628,2917688,0,343370,51224,22934,496413,3807110,781700,0,517,2793,1194,5644,0,2744,770489,11047,114335,3636,59369,371,163,29417,26681,6232,53433,1218835,3331609,5691,270679,406535,59927,12261,202431,157522,11898,2107945,146852,58894,5653393,44340,52725,0,3438,40376,209654,1442424,0,483,180,198005,1079096,207373,2252418,5271914,78805,1420176,5375,1757420,10686696,160,30697,41010,134987,173448862,7,8,67,8,9,1
"57","2021-10-43",11813264,125033871,15318447,15817954,1956009,17843572,4516617,158668590,176.558,256445,36223,199483,462,677605,0,2451,2224711,103159,628,1536241,143935,218449,9266,32152,6045639,6696,305986,164626,12069,13035,2882,19614,315994,0,51933,70237,10080526,312,16949,127485,180153,356,462812,8898,521093,20981,2101,45125,15232,1386986,17091144,1445455,21960,41804,285,221062,191921,48743,524018,1373,9231,164336,2781,96819,4144,1726,369968,642101,2764405,231132,5264,18029,2373,373164,679,0,27818,114261,947147,1156,6403,13591,32277,990601,247716,3511,145623,212,1942,267803,494,108946,9058,11068,9324,359026,73842,141503,3534,42841999,11424689,7012021,465168,55605,599,83149,1109625,22728,4493015,3860,125929,323652,409486,5953,253463,66155,129752,85201,103701,43169,66692,86691,602,43732,12999,33582,13864,47485,1220128,3635,1834,12791,157609,20896,5532626,28805,0,2726,8486,7,1654424,881215,2250654,38532,0,409226,86220,11557,249013,174688,50775,410769,0,27734,40784,139949,4176203,186597,64757,34339,157504,1178141,3590810,0,411831,39846,22481,834863,3217337,554539,0,424,3096,4509,6676,84,2519,554071,12040,233015,4362,90293,371,239,50852,23313,6943,8570,1106570,2996219,7554,497004,744860,207129,11792,200489,121133,57964,2664594,93931,51725,4652530,40538,44026,0,5258,40376,289659,1198785,0,483,0,265714,1647933,205917,2532023,7850358,71844,1180961,5940,1757420,9051844,242,30102,39873,106083,187783117,6,8,67,8,10,1
"58","2021-10-44",1680282,19524505,2196849,3212402,251548,2505663,648361,21648338,25.039,36635,4754,18467,66,81359,0,260,286430,17502,87,190592,20457,39652,1464,4256,1428216,998,45961,24177,1544,3693,732,6241,49742,0,7419,10176,1460518,56,2568,20211,36987,45,39015,664,70702,2507,372,3330,380,223842,3979286,199503,2988,7088,40,31633,26669,8236,63301,187,1173,25296,379,13757,592,190,31716,88302,431801,28558,807,2625,601,68727,131,0,3434,16718,133034,134,992,1271,4638,154929,28098,386,18968,20,220,38066,67,11039,1633,1550,2539,43612,9200,21169,482,5766214,1773289,980753,66327,7044,90,10639,156718,3766,605801,514,17437,43536,53920,464,36209,10561,18536,11639,16939,6167,9400,17758,62,6384,2250,3479,1398,7074,149431,498,1084,1727,19898,2600,1593341,4748,0,418,950,1,219948,235836,276238,4789,0,84818,12958,1405,35001,26300,5445,47798,0,4024,5916,8392,586596,18581,8223,5136,13823,166819,514439,0,62209,4749,3313,118595,480747,51785,0,62,450,718,1260,28,281,64860,1720,23980,571,13039,53,38,8692,3264,1267,2137,139269,442204,1394,110276,110699,33000,1308,28788,14344,21296,369554,6625,9173,729991,5394,6034,0,972,5768,57773,146463,0,69,0,43296,248604,35658,334461,1304833,9854,153753,1136,251060,1141432,32,3834,5678,13651,29371249,6,7,66,11,9,1
"59","2021-11-44",9968189,125946642,14176221,16724652,1306199,12885490,3640885,122542706,144.477,219810,30289,112330,359,493174,2,1641,1472349,77765,543,1060724,158038,224109,7836,25351,6796851,4858,275766,117708,7292,34428,6207,19458,187039,0,45606,71663,5437849,395,20637,97545,79627,248,354727,3132,386082,11936,2489,12910,3769,1033420,36164571,1285421,17216,42348,240,173953,190837,51210,413397,1220,7500,192152,2910,81051,3277,811,139707,255951,2252602,141717,4248,14550,6538,356622,787,0,15117,87900,721643,1764,8734,5014,27732,963064,131419,2006,150073,164,1153,189996,362,71640,51369,10027,11103,338472,47765,143957,3412,29040825,10160489,6065267,422728,45637,391,55703,860277,43663,2994578,2902,93845,251121,282745,2178,217254,60741,111216,71418,63844,37002,47100,101817,315,30184,12223,19203,8388,32091,663352,2363,10124,9002,87000,10059,6790798,26393,0,2194,5221,6,611500,1420489,1755699,23302,0,449010,83217,7080,195038,198515,24039,229787,0,20757,50589,50352,4874277,72946,32111,31176,51281,1137283,3445008,0,311619,24669,19598,550126,3955578,290893,0,374,2457,2002,9514,135,846,540141,10320,143892,2402,81715,318,231,59138,29376,8028,25766,771362,1844011,7276,618259,592788,198000,7101,141831,71231,131915,1673576,21525,74252,4280607,31237,33518,0,5630,34608,314066,878633,0,345,0,280847,1499553,201655,2095909,7739832,40555,1127020,7701,1489289,6729426,179,45965,34068,84980,181007393,6,8,70,9,7,1
"60","2021-11-45",10028185,152778994,18036400,15272886,1270152,20932538,4422284,139099754,182.021,256445,45780,72216,378,843241,57,4609,1533665,82407,533,1039957,371881,220117,6381,27734,7729425,4386,301897,157065,6609,37134,3343,1715,134032,0,0,108930,8330384,313,32013,103059,23696,273,328732,8594,439739,10614,2942,629,8154,1176346,60111142,2344233,15818,46107,246,161978,275135,119981,706740,1204,13387,269352,6433,105253,2173,693,145079,431102,3767083,166718,4562,13396,9383,127277,0,0,9276,87470,1086609,4078,16115,1013,35379,1548509,107658,1846,258179,166,1357,304855,305,80378,108074,13265,6467,334602,64369,213503,6727,26367131,10463091,5932231,656705,127405,355,52607,1231923,66045,2641791,3373,86998,285550,330369,2541,253463,56215,129752,87617,69730,43169,62075,82711,377,56299,13938,26777,9786,31478,634283,1845,11690,13689,70964,8410,2088422,22471,0,3532,6708,6,358423,1095124,2127433,17982,0,297898,100193,5130,172449,1568395,26033,137161,0,20524,102754,58178,7460931,71924,14302,36372,301000,1757001,5310666,0,453557,261407,22038,524032,4037144,818513,0,271,1795,2461,11523,108,791,449710,12040,182373,1827,125031,371,230,114003,81336,9906,175960,768060,1639083,17960,926368,297273,231000,6780,207581,98150,135107,1349008,100757,97832,4721878,38632,39949,0,5468,38611,275475,1039669,0,0,0,445597,1588896,197408,2844189,9602411,42850,1767253,9276,1176999,9674682,164,105694,38671,124252,218319155,5,8,70,7,10,1
"61","2021-11-46",9943961,154464685,22005203,15790267,1075935,15511104,4667841,170410047,176.416,695825,52960,351833,378,593338,224,3367,2629247,110568,547,866813,576305,204659,5327,27623,6137341,3496,281954,236220,5618,28759,1036,1715,205344,0,0,111329,6975685,157,44156,114121,19656,231,188947,98976,441841,10071,2044,205,7798,986983,53953000,2302651,18683,38467,170,146305,328893,153659,948574,1272,19340,249342,8371,138691,2032,998,133597,621282,2688078,143759,3051,9738,8623,88061,0,0,9543,91111,1316445,3414,13896,347,47818,2200468,141529,2711,362208,91,1154,350783,157,43117,44672,13713,29188,311198,101567,299402,18447,42274457,9814299,3811454,680207,178640,39,44330,1351140,41078,1961986,3550,96656,252857,404948,3087,253463,68699,129752,71725,68335,38625,62342,73822,311,69912,15347,28007,11231,46243,716140,5800,11599,20025,25545,32296,1241356,23176,0,4352,7599,0,279684,1205762,1823428,14859,0,381799,96225,3338,153464,2138726,16717,266243,0,25034,133886,56136,4163185,48548,51845,36372,251777,1381857,5914319,0,534988,380766,27714,615754,5764281,1091333,0,459,1999,2997,7790,98,2610,358415,12040,203000,3627,65710,371,255,124959,95407,11094,130478,780031,1645601,32358,1076282,141819,231000,6692,349746,186887,95020,1448533,218100,97832,4342598,47579,52130,0,8110,23116,226526,993838,0,0,0,997555,1672493,186202,2909064,10071215,31292,1811536,7615,920934,8572932,74,68029,30490,191892,218791155,5,10,71,7,7,0
"62","2021-11-47",11947000,152116710,24974270,15753990,1013014,15269328,4563103,209595685,153.399,613249,48781,368987,378,823091,409,1667,1945823,114530,547,700829,737571,196326,4394,39465,5357502,3247,318355,414270,3711,203004,1036,1095,221323,0,0,108082,7176746,126,36963,111048,19656,206,170837,283314,402547,6030,1863,4645,8713,779211,48290001,2573766,23450,36953,168,139823,227661,127696,420768,935,36159,294371,14762,189623,3660,549,103662,867245,2376365,139649,2849,9268,8209,1766964,0,0,9616,106225,1704064,2398,18603,1070,49868,3473262,160684,1884,458930,94,993,402064,88,38136,25586,11442,14350,123268,102498,462326,29919,50394788,10423841,3213980,693833,209332,121,56689,1662053,29345,1198097,3809,92527,207029,486632,4283,253463,69361,55608,57661,62052,10611,17334,108415,691,89283,22895,26324,36571,51738,712747,5636,107006,21827,21946,79220,1302912,22549,0,3735,6583,0,169822,971550,1967311,20940,0,847893,214373,3836,133553,805936,4298,461993,0,22528,185144,44544,1793598,64024,48360,33587,120921,1582238,5431825,0,805488,287320,48007,521860,5801423,821859,0,638,1926,2256,11652,65,5868,298634,12715,189221,3140,53758,371,212,146409,75073,11535,49322,665881,1496563,30999,1191574,69289,231000,5595,409699,267119,6824,1604776,256017,123367,3726992,49229,127984,0,10049,21355,342237,854386,0,0,0,899150,1681706,143868,2824060,9384568,29240,1837199,6508,920934,10639564,41,12772,38635,212942,221074312,5,11,69,7,7,0
"63","2021-11-48",5545058,72429550,12122857,4553620,377319,6996063,1906105,54254666,57.899,0,17364,68388,162,285108,202,576,838724,52298,168,263323,334432,83919,1722,23146,2208323,940,151771,228070,1363,121026,444,133,85788,0,0,34811,2551223,54,8114,46744,8424,93,89182,44114,228529,2144,865,2856,4961,301437,24337714,1082055,8753,11757,72,45114,97569,55865,222771,402,21566,150206,9693,96338,1785,120,38966,343056,1241592,47583,1060,3877,5921,1369915,0,0,8616,53043,961643,1541,12837,861,27266,2015880,91826,722,226743,49,413,162964,59,11508,3973,4868,588,50953,57347,279481,11680,22984862,4068141,1122050,285509,96612,69,37884,933371,10752,394858,1852,42025,82153,230840,1851,108627,28076,0,29447,28404,2601,2070,39794,383,41117,12069,9616,24929,21350,322680,2378,84333,9713,10155,19913,584327,10626,0,1694,2755,0,80701,309285,856562,9433,0,467589,136922,1243,69446,85767,614,200157,0,7799,96258,3426,797948,39772,21895,11876,45063,831331,3190560,0,427951,170757,17817,183359,2360610,280140,0,297,631,861,5046,60,3763,116778,4759,64528,792,19184,159,80,64991,27574,5310,21138,307941,743125,9919,535723,20162,99000,1713,180856,127906,5388,737806,113631,75971,1450290,19349,87368,0,801,9908,127112,337584,0,0,0,382719,673619,52220,1254604,3133739,13024,811280,2568,405536,4796227,13,6966,23079,65553,102024467,5,12,71,4,7,0
"64","2021-12-48",7324659,103694526,17269162,8523237,519265,10653216,2585936,79097600,72.98,0,23561,132982,216,384864,284,629,1235842,63046,160,323234,440339,120279,2559,36409,4094061,1021,199946,334992,2914,154074,592,253,121654,0,0,37861,3818159,76,6558,61423,11232,324,185827,17316,637114,3352,1464,3808,7727,441036,34325285,1453815,5614,13656,96,53640,130092,74699,185445,505,28377,248296,7757,134820,2416,188,49406,366927,1882523,45963,1077,5314,9577,1193394,0,0,9608,81322,1768814,1880,20296,1130,45461,3122965,137768,1202,315188,73,499,204629,80,18358,8921,6256,784,351537,77399,288874,15506,31624123,4885357,1460602,345420,131555,67,51487,1528053,15993,471829,2694,50612,111589,347028,0,96842,36529,0,39637,45649,3468,3195,50959,691,55698,17974,11696,33196,33775,441838,3843,74176,12926,13900,23020,970896,17185,0,2714,4852,0,118644,454977,0,12437,0,560305,197442,1416,131648,146061,0,397913,0,8131,136736,0,1653682,45826,20639,13475,102424,1170134,6330931,0,619507,244691,26918,193800,2951515,359536,0,458,804,1088,5881,312,4294,157586,8904,78924,1082,19733,159,130,83563,32391,6866,28184,542367,973605,12244,701462,26132,132000,2584,240812,194561,24026,973205,107076,103564,1997425,22319,144504,0,782,14015,163818,455249,0,0,0,510292,778750,72156,1739392,5854153,21371,951404,3404,678158,5417994,0,5016,34789,95735,147984065,5,12,70,6,7,0
"65","2021-12-49",14047129,170404575,31885950,17617994,789431,14302343,4613852,132460402,120.555,0,52415,112246,4194,499840,241,950,1767205,106318,443,543883,713066,205902,5010,73286,12786591,2284,429560,618780,5557,273890,1093,77,239204,0,0,98937,6725104,127,15480,98803,19656,1353,481335,17364,1565262,5297,2664,131586,12873,730314,59450715,1928543,1932,73631,168,97574,251574,135662,289593,785,50748,515391,31520,295428,6003,289,82632,552720,3339151,109488,1283,9761,22705,784806,0,0,10994,168490,3923414,2969,43746,1771,78813,6312617,241094,3391,709336,179,745,323927,360,22402,18226,8800,1372,0,116266,313445,24964,53824727,7156376,2547241,568991,220277,123,76139,3189963,32074,611116,4784,105524,193743,614841,0,57889,52635,0,71286,102791,10921,39581,107471,2426,101141,33745,15458,16240,69240,774423,6142,73042,19927,35460,40285,2308404,33441,0,4596,8067,0,273308,666216,0,22243,0,245721,483003,2070,191779,419983,0,925192,0,13314,256016,0,5889823,18899,39494,17559,156408,1730485,6518484,0,1435811,462460,48159,293035,4840801,786374,0,696,1284,1748,7883,1923,7025,415446,144294,110862,2143,18384,0,209,147896,47798,11310,54943,917012,2219958,17008,1227545,524908,444499,4187,429488,401601,63098,1271043,178057,51782,2738554,13646,237918,0,2710,20654,271790,763878,0,0,0,914305,1160998,158097,3119267,11551254,38063,1352346,6005,1441775,5619589,0,0,83781,188341,249047422,6,13,68,7,6,0
"66","2021-12-50",16462247,180829480,38914891,16384233,982866,13361494,4718790,134349438,108.11,0,58476,30915,1326,343473,0,905,1834012,106487,420,771533,665118,185846,3511,62561,19629730,2521,77113,672338,4014,60281,2416,0,278550,0,0,287338,5110453,102,12265,92944,11232,1145,407161,5359,1408220,8183,1982,128732,27939,736216,65258285,1851884,0,268296,168,149105,40494,148303,342870,2163,54993,519931,24625,587285,12092,504,64464,463934,3417581,136186,1542,9807,24085,264098,0,0,11330,26533,4770708,3866,62565,1044,73206,7071216,137768,3413,748457,300,356,288289,607,1485,12507,4462,980,0,104956,231741,19737,51160633,9407915,2771498,522219,280599,297,85347,3483429,24895,506223,2861,93544,172692,622469,0,90223,57828,0,71417,141164,27783,124074,79264,4762,99672,38379,13428,0,88186,656890,4607,27273,19919,21394,34530,3656398,36741,0,4834,5915,0,335457,1011696,0,11628,0,0,445319,2072,129953,263934,0,1020503,0,1902,297074,15960,7068007,0,39322,13403,124124,1763343,4771310,0,1352297,451957,56633,253095,4899031,495412,0,437,923,1599,5383,482,1737,334587,116696,36696,906,0,0,141,182107,41119,9940,122392,598391,4610190,4780,3930405,1257510,914832,3484,376613,468042,117230,726767,34239,0,2013258,0,144637,0,5271,19901,288881,1096842,0,0,0,1169839,895732,89722,4284315,9955819,37682,1222820,5804,1245108,5694339,0,0,130206,183747,266935211,6,15,68,6,5,0
"67","2021-12-51",6887269,70334353,16105060,7976555,558885,6003599,1190760,36459881,19.832,0,0,0,0,0,0,94,542363,13465,166,478287,185562,73444,0,28064,0,397,0,198661,0,0,0,0,82851,0,0,0,2046277,0,0,41135,0,0,46894,0,827057,0,0,0,0,200216,20866143,265072,0,0,48,85119,0,46528,48350,1791,16751,220257,0,259512,0,0,16079,0,0,34037,0,2754,0,27254,0,0,2813,0,1451709,1259,0,0,32234,2095404,0,0,324571,87,0,84000,0,0,1803,0,0,0,43980,64440,5025,18859643,3387018,490314,72919,105490,31,52955,1574121,6060,242378,0,24420,42788,102204,0,31771,24348,0,29007,49854,0,0,9819,1444,42335,5819,3737,0,28442,182568,476,7416,5468,0,0,2008477,13688,0,2509,2200,0,58731,421667,0,0,0,0,0,416,54761,0,0,278194,0,0,95341,15961,3377728,0,17403,1783,0,0,1241296,0,376248,115131,13534,62132,1933103,0,0,0,383,0,234,0,0,160477,0,0,0,0,0,0,80978,15360,2088,40322,60415,2602842,0,808502,525383,0,720,196549,139706,27058,187717,0,0,0,0,0,0,1528,10502,44984,1333959,0,0,0,354520,327197,0,1750003,3202437,18702,555273,1479,0,0,0,0,75401,77181,107865721,6,15,65,7,6,1
